bug_id,Solhint_rule_id,Solhint_level,Oyente_rule_id,Oyente_level,HoneyBadger_rule_id,HoneyBadger_level,Osiris_rule_id,Osiris_level,Securify_rule_id,Securify_level,Manticore_rule_id,Manticore_level,SmartCheck_rule_id,SmartCheck_level,Slither_rule_id,Slither_level,Mythril_rule_id,Mythril_level,Maian_rule_id,Maian_level,Conkas_rule_id,Conkas_level,Value
dataset/front_running/ERC20.sol:2,Ignore_41,error,0,0,0,0,0,0,0,0,0,0,0,0,0,0,0,0,0,0,0,0,False
dataset/front_running/ERC20.sol:18,Ignore_40,error,0,0,0,0,0,0,0,0,0,0,0,0,0,0,0,0,0,0,0,0,False
dataset/front_running/ERC20.sol:22,Ignore_40,error,0,0,0,0,0,0,0,0,0,0,0,0,0,0,0,0,0,0,0,0,False
dataset/front_running/ERC20.sol:23,Ignore_40,error,0,0,0,0,0,0,0,0,0,0,0,0,0,0,0,0,0,0,0,0,False
dataset/front_running/ERC20.sol:24,Ignore_40,error,0,0,0,0,0,0,0,0,0,0,0,0,0,0,0,0,0,0,0,0,False
dataset/front_running/ERC20.sol:26,Ignore_40,error,0,0,0,0,0,0,0,0,0,0,0,0,0,0,0,0,0,0,0,0,False
dataset/front_running/ERC20.sol:27,Ignore_40,error,0,0,0,0,0,0,0,0,0,0,0,0,0,0,0,0,0,0,0,0,False
dataset/front_running/ERC20.sol:29,Ignore_40,error,0,0,0,0,0,0,0,0,0,0,0,0,0,0,0,0,0,0,0,0,False
dataset/front_running/ERC20.sol:30,Ignore_40,error,0,0,0,0,0,0,0,0,0,0,0,0,0,0,0,0,0,0,0,0,False
dataset/front_running/ERC20.sol:35,Ignore_40,error,0,0,0,0,0,0,0,0,0,0,0,0,0,0,0,0,0,0,0,0,False
dataset/front_running/ERC20.sol:36,Ignore_40,error,0,0,0,0,0,0,0,0,0,0,0,0,0,0,0,0,0,0,0,0,False
dataset/front_running/ERC20.sol:37,Ignore_40,error,0,0,0,0,0,0,0,0,0,0,0,0,0,0,0,0,0,0,0,0,False
dataset/front_running/ERC20.sol:40,Ignore_40,error,0,0,0,0,0,0,0,0,0,0,0,0,0,0,0,0,0,0,0,0,False
dataset/front_running/ERC20.sol:41,Ignore_40,error,0,0,0,0,0,0,0,0,0,0,0,0,0,0,0,0,0,0,0,0,False
dataset/front_running/ERC20.sol:46,Ignore_40,error,0,0,0,0,0,0,0,0,0,0,0,0,0,0,0,0,0,0,0,0,False
dataset/front_running/ERC20.sol:47,Ignore_40,error,0,0,0,0,0,0,0,0,0,0,0,0,0,0,0,0,0,0,0,0,False
dataset/front_running/ERC20.sol:48,Ignore_40,error,0,0,0,0,0,0,0,0,0,0,0,0,0,0,0,0,0,0,0,0,False
dataset/front_running/ERC20.sol:50,Ignore_40,error,0,0,0,0,0,0,0,0,0,0,0,0,0,0,0,0,0,0,0,0,False
dataset/front_running/ERC20.sol:51,Ignore_40,error,0,0,0,0,0,0,0,0,0,0,0,0,0,0,0,0,0,0,0,0,False
dataset/front_running/ERC20.sol:56,Ignore_40,error,0,0,0,0,0,0,0,0,0,0,0,0,0,0,0,0,0,0,0,0,False
dataset/front_running/ERC20.sol:57,Ignore_40,error,0,0,0,0,0,0,0,0,0,0,0,0,0,0,0,0,0,0,0,0,False
dataset/front_running/ERC20.sol:58,Ignore_40,error,0,0,0,0,0,0,0,0,0,0,0,0,0,0,0,0,0,0,0,0,False
dataset/front_running/ERC20.sol:60,Ignore_40,error,0,0,0,0,0,0,0,0,0,0,0,0,0,0,0,0,0,0,0,0,False
dataset/front_running/ERC20.sol:61,Ignore_40,error,0,0,0,0,0,0,0,0,0,0,0,0,0,0,0,0,0,0,0,0,False
dataset/front_running/ERC20.sol:67,Ignore_40,error,0,0,0,0,0,0,0,0,0,0,0,0,0,0,0,0,0,0,0,0,False
dataset/front_running/ERC20.sol:68,Ignore_40,error,0,0,0,0,0,0,0,0,0,0,0,0,0,0,0,0,0,0,0,0,False
dataset/front_running/ERC20.sol:69,Ignore_40,error,0,0,0,0,0,0,0,0,0,0,0,0,0,0,0,0,0,0,0,0,False
dataset/front_running/ERC20.sol:70,Ignore_40,error,0,0,0,0,0,0,0,0,0,0,0,0,0,0,0,0,0,0,0,0,False
dataset/front_running/ERC20.sol:76,Ignore_40,error,0,0,0,0,0,0,0,0,0,0,0,0,0,0,0,0,0,0,0,0,False
dataset/front_running/ERC20.sol:77,Ignore_40,error,0,0,0,0,0,0,0,0,0,0,0,0,0,0,0,0,0,0,0,0,False
dataset/front_running/ERC20.sol:78,Ignore_40,error,0,0,0,0,0,0,0,0,0,0,Ignore_32,warning,0,0,0,0,0,0,0,0,False
dataset/front_running/ERC20.sol:80,Ignore_40,error,0,0,0,0,0,0,0,0,0,0,Ignore_29,warning,0,0,0,0,0,0,0,0,False
dataset/front_running/ERC20.sol:82,Ignore_40,error,0,0,0,0,0,0,0,0,0,0,Ignore_29,warning,0,0,0,0,0,0,0,0,False
dataset/front_running/ERC20.sol:84,Ignore_40,error,0,0,0,0,0,0,0,0,0,0,Ignore_29,warning,Ignore_18,note,0,0,0,0,0,0,False
dataset/front_running/ERC20.sol:86,Ignore_40,error,0,0,0,0,0,0,0,0,0,0,Ignore_38,warning,0,0,0,0,0,0,0,0,False
dataset/front_running/ERC20.sol:87,Ignore_40,error,0,0,0,0,0,0,0,0,0,0,0,0,0,0,0,0,0,0,0,0,False
dataset/front_running/ERC20.sol:88,Ignore_40,error,0,0,0,0,0,0,0,0,0,0,0,0,0,0,0,0,0,0,0,0,False
dataset/front_running/ERC20.sol:90,Ignore_40,error,0,0,0,0,0,0,0,0,0,0,0,0,Ignore_11,note,0,0,0,0,0,0,False
dataset/front_running/ERC20.sol:91,Ignore_40,error,0,0,0,0,0,0,0,0,0,0,0,0,0,0,0,0,0,0,0,0,False
dataset/front_running/ERC20.sol:92,Ignore_40,error,0,0,0,0,0,0,0,0,0,0,0,0,0,0,0,0,0,0,0,0,False
dataset/front_running/ERC20.sol:95,Ignore_40,error,0,0,0,0,0,0,0,0,0,0,0,0,Ignore_11,note,0,0,0,0,0,0,False
dataset/front_running/ERC20.sol:96,Ignore_40,error,0,0,0,0,0,0,0,0,0,0,0,0,0,0,0,0,0,0,0,0,False
dataset/front_running/ERC20.sol:97,Ignore_40,error,0,0,0,0,0,0,0,0,0,0,0,0,0,0,0,0,0,0,0,0,False
dataset/front_running/ERC20.sol:98,Ignore_40,error,0,0,0,0,0,0,0,0,0,0,0,0,0,0,0,0,0,0,0,0,False
dataset/front_running/ERC20.sol:100,Ignore_40,error,0,0,0,0,0,0,0,0,0,0,0,0,Ignore_11,note,0,0,0,0,0,0,False
dataset/front_running/ERC20.sol:101,Ignore_40,error,0,0,0,0,0,0,0,0,0,0,0,0,0,0,0,0,0,0,0,0,False
dataset/front_running/ERC20.sol:102,Ignore_40,error,0,0,0,0,0,0,0,0,0,0,0,0,0,0,0,0,0,0,0,0,False
dataset/front_running/ERC20.sol:104,Ignore_40,error,0,0,0,0,0,0,0,0,0,0,0,0,0,0,0,0,0,0,0,0,False
dataset/front_running/ERC20.sol:105,Ignore_40,error,0,0,0,0,0,0,0,0,0,0,0,0,0,0,0,0,0,0,0,0,False
dataset/front_running/ERC20.sol:106,Ignore_40,error,0,0,0,0,0,0,0,0,0,0,0,0,0,0,0,0,0,0,0,0,False
dataset/front_running/ERC20.sol:107,Ignore_40,error,0,0,0,0,0,0,0,0,0,0,0,0,0,0,0,0,0,0,0,0,False
dataset/front_running/ERC20.sol:108,Ignore_40,error,0,0,0,0,0,0,0,0,0,0,0,0,0,0,0,0,0,0,0,0,False
dataset/front_running/ERC20.sol:110,Ignore_40,error,0,0,0,0,0,0,0,0,0,0,Ignore_22,warning,Ignore_11,note,0,0,0,0,0,0,True
dataset/front_running/ERC20.sol:111,Ignore_40,error,0,0,0,0,0,0,0,0,0,0,0,0,0,0,0,0,0,0,0,0,False
dataset/front_running/ERC20.sol:113,Ignore_40,error,0,0,0,0,0,0,0,0,0,0,0,0,0,0,0,0,0,0,0,0,True
dataset/front_running/ERC20.sol:114,Ignore_40,error,0,0,0,0,0,0,0,0,0,0,0,0,0,0,0,0,0,0,0,0,False
dataset/front_running/ERC20.sol:115,Ignore_40,error,0,0,0,0,0,0,0,0,0,0,0,0,0,0,0,0,0,0,0,0,False
dataset/front_running/ERC20.sol:116,Ignore_40,error,0,0,0,0,0,0,0,0,0,0,0,0,0,0,0,0,0,0,0,0,False
dataset/front_running/ERC20.sol:118,Ignore_40,error,0,0,0,0,0,0,0,0,0,0,0,0,Ignore_11,note,0,0,0,0,0,0,False
dataset/front_running/ERC20.sol:119,Ignore_40,error,0,0,0,0,0,0,0,0,0,0,0,0,0,0,0,0,0,0,0,0,False
dataset/front_running/ERC20.sol:120,Ignore_40,error,0,0,0,0,0,0,0,0,0,0,0,0,0,0,0,0,0,0,0,0,False
dataset/front_running/ERC20.sol:121,Ignore_40,error,0,0,0,0,0,0,0,0,0,0,0,0,0,0,0,0,0,0,0,0,False
dataset/front_running/ERC20.sol:123,Ignore_40,error,0,0,0,0,0,0,0,0,0,0,0,0,0,0,0,0,0,0,0,0,False
dataset/front_running/ERC20.sol:124,Ignore_40,error,0,0,0,0,0,0,0,0,0,0,0,0,0,0,0,0,0,0,0,0,False
dataset/front_running/ERC20.sol:125,Ignore_40,error,0,0,0,0,0,0,0,0,0,0,0,0,0,0,0,0,0,0,0,0,False
dataset/front_running/ERC20.sol:126,Ignore_40,error,0,0,0,0,0,0,0,0,0,0,0,0,0,0,0,0,0,0,0,0,False
dataset/front_running/ERC20.sol:127,Ignore_40,error,0,0,0,0,0,0,0,0,0,0,0,0,0,0,0,0,0,0,0,0,False
dataset/front_running/ERC20.sol:128,Ignore_40,error,0,0,0,0,0,0,0,0,0,0,0,0,0,0,0,0,0,0,0,0,False
dataset/front_running/odds_and_evens.sol:11,Ignore_40,error,0,0,0,0,0,0,0,0,0,0,0,0,0,0,0,0,0,0,0,0,False
dataset/front_running/odds_and_evens.sol:12,Ignore_40,error,0,0,0,0,0,0,0,0,0,0,0,0,0,0,0,0,0,0,0,0,False
dataset/front_running/odds_and_evens.sol:13,Ignore_40,error,0,0,0,0,0,0,0,0,0,0,0,0,0,0,0,0,0,0,0,0,False
dataset/front_running/odds_and_evens.sol:14,Ignore_40,error,0,0,0,0,0,0,0,0,0,0,0,0,0,0,0,0,0,0,0,0,False
dataset/front_running/odds_and_evens.sol:16,Ignore_40,error,0,0,0,0,0,0,0,0,Other_2,warning,0,0,0,0,Other_9,note,0,0,0,0,False
dataset/front_running/odds_and_evens.sol:18,Ignore_40,error,0,0,0,0,0,0,0,0,0,0,Ignore_38,warning,0,0,0,0,0,0,0,0,False
dataset/front_running/odds_and_evens.sol:19,Ignore_40,error,0,0,0,0,0,0,0,0,0,0,Ignore_38,warning,0,0,0,0,0,0,0,0,False
dataset/front_running/odds_and_evens.sol:21,Ignore_40,error,0,0,0,0,0,0,0,0,0,0,Ignore_38,warning,Ignore_12,note,0,0,0,0,0,0,False
dataset/front_running/odds_and_evens.sol:22,Ignore_40,error,0,0,0,0,0,0,0,0,0,0,0,0,0,0,0,0,0,0,0,0,False
dataset/front_running/odds_and_evens.sol:23,Ignore_40,error,0,0,0,0,0,0,0,0,0,0,0,0,0,0,0,0,0,0,0,0,False
dataset/front_running/odds_and_evens.sol:25,Ignore_40,error,0,0,0,0,0,0,0,0,0,0,Ignore_38,warning,Ignore_11,note,0,0,0,0,0,0,True
dataset/front_running/odds_and_evens.sol:26,Ignore_40,error,0,0,0,0,0,0,0,0,0,0,Ignore_31,warning,Ignore_8,note,0,0,0,0,0,0,False
dataset/front_running/odds_and_evens.sol:28,Ignore_40,error,0,0,0,0,0,0,0,0,0,0,0,0,0,0,Other_9,note,0,0,0,0,True
dataset/front_running/odds_and_evens.sol:29,Ignore_40,error,0,0,Other_20,warning,0,0,0,0,0,0,0,0,0,0,0,0,0,0,0,0,False
dataset/front_running/odds_and_evens.sol:31,Ignore_40,error,0,0,0,0,0,0,0,0,0,0,0,0,0,0,0,0,0,0,0,0,False
dataset/front_running/odds_and_evens.sol:32,Ignore_40,error,0,0,0,0,0,0,0,0,0,0,0,0,0,0,0,0,0,0,0,0,False
dataset/front_running/odds_and_evens.sol:34,Ignore_40,error,0,0,0,0,0,0,0,0,0,0,0,0,AccessControl_19,error,0,0,0,0,0,0,False
dataset/front_running/odds_and_evens.sol:35,Ignore_40,error,0,0,0,0,0,0,0,0,0,0,0,0,0,0,0,0,0,0,0,0,False
dataset/front_running/odds_and_evens.sol:36,Ignore_40,error,Arithmetic_11,warning,0,0,Arithmetic_7,warning,0,0,0,0,0,0,0,0,Arithmetic_4,warning,0,0,Arithmetic_19,warning,False
dataset/front_running/odds_and_evens.sol:37,Ignore_40,error,0,0,0,0,0,0,AccessControl_17,none,0,0,0,0,0,0,0,0,0,0,0,0,False
dataset/front_running/odds_and_evens.sol:38,Ignore_40,error,DenialService_2,warning,0,0,DenialService_1,warning,0,0,0,0,0,0,AccessControl_19,error,UncheckedLowCalls_3,note,0,0,UncheckedLowCalls_9,warning,False
dataset/front_running/odds_and_evens.sol:39,Ignore_40,error,0,0,0,0,0,0,0,0,0,0,0,0,0,0,0,0,0,0,0,0,False
dataset/front_running/odds_and_evens.sol:41,Ignore_40,error,FrontRunning_6,warning,0,0,Ignore_2,warning,0,0,0,0,0,0,AccessControl_19,error,UncheckedLowCalls_3,note,0,0,UncheckedLowCalls_9,warning,False
dataset/front_running/odds_and_evens.sol:44,Ignore_40,error,0,0,0,0,0,0,0,0,0,0,0,0,0,0,0,0,0,0,0,0,False
dataset/front_running/odds_and_evens.sol:45,Ignore_40,error,0,0,0,0,0,0,0,0,0,0,0,0,0,0,0,0,0,0,0,0,False
dataset/front_running/odds_and_evens.sol:46,Ignore_40,error,0,0,0,0,0,0,0,0,0,0,0,0,0,0,0,0,0,0,0,0,False
dataset/front_running/odds_and_evens.sol:48,Ignore_40,error,0,0,0,0,0,0,0,0,0,0,Ignore_38,warning,Ignore_11,note,0,0,0,0,0,0,False
dataset/front_running/odds_and_evens.sol:49,Ignore_40,error,0,0,0,0,0,0,AccessControl_17,warning,0,0,Ignore_31,warning,Ignore_8,note,0,0,0,0,0,0,False
dataset/front_running/odds_and_evens.sol:50,Ignore_40,error,FrontRunning_6,warning,0,0,Ignore_2,warning,0,0,0,0,0,0,0,0,UncheckedLowCalls_3,note,0,0,UncheckedLowCalls_9,warning,False
dataset/front_running/odds_and_evens.sol:51,Ignore_40,error,0,0,0,0,0,0,0,0,0,0,0,0,0,0,0,0,0,0,0,0,False
dataset/front_running/FindThisHash.sol:14,0,0,Arithmetic_11,warning,0,0,0,0,0,0,0,0,Ignore_36,warning,Ignore_11,note,Arithmetic_4,warning,0,0,Arithmetic_19,warning,False
dataset/front_running/eth_tx_order_dependence_minimal.sol:23,0,0,FrontRunning_6,warning,0,0,Ignore_2,warning,0,0,0,0,0,0,0,0,FrontRunning_1,warning,0,0,Reentrancy_14,warning,True
dataset/front_running/eth_tx_order_dependence_minimal.sol:31,0,0,FrontRunning_6,warning,0,0,Ignore_2,warning,0,0,AccessControl_7,warning,0,0,0,0,FrontRunning_1,warning,0,0,FrontRunning_5,warning,True
dataset/front_running/odds_and_evens.sol:40,0,0,0,0,0,0,0,0,AccessControl_17,none,0,0,0,0,0,0,0,0,0,0,0,0,False
dataset/front_running/odds_and_evens.sol:24,0,0,0,0,0,0,0,0,Ignore_3,error,0,0,0,0,0,0,0,0,0,0,0,0,False
dataset/front_running/odds_and_evens.sol:47,0,0,0,0,0,0,0,0,Ignore_3,warning,0,0,0,0,0,0,0,0,0,0,0,0,False
dataset/front_running/odds_and_evens.sol:15,0,0,0,0,0,0,0,0,Ignore_3,warning,0,0,0,0,0,0,0,0,0,0,0,0,False
dataset/front_running/odds_and_evens.sol:33,0,0,0,0,0,0,0,0,Ignore_3,warning,0,0,0,0,0,0,0,0,0,0,0,0,False
dataset/front_running/odds_and_evens.sol:8,0,0,0,0,0,0,0,0,Ignore_3,warning,0,0,0,0,0,0,0,0,0,0,0,0,False
dataset/front_running/FindThisHash.sol:17,0,0,0,0,0,0,0,0,AccessControl_17,error,0,0,Ignore_21,warning,Ignore_8,note,0,0,0,0,0,0,True
dataset/front_running/FindThisHash.sol:9,0,0,0,0,0,0,0,0,Ignore_3,warning,0,0,0,0,0,0,0,0,0,0,0,0,False
dataset/front_running/FindThisHash.sol:13,0,0,0,0,0,0,0,0,Ignore_3,warning,0,0,0,0,0,0,0,0,0,0,0,0,False
dataset/front_running/eth_tx_order_dependence_minimal.sol:22,0,0,0,0,0,0,0,0,AccessControl_17,warning,0,0,0,0,0,0,0,0,0,0,0,0,False
dataset/front_running/eth_tx_order_dependence_minimal.sol:30,0,0,0,0,0,0,0,0,AccessControl_17,none,0,0,0,0,0,0,0,0,0,0,0,0,False
dataset/front_running/eth_tx_order_dependence_minimal.sol:10,0,0,0,0,0,0,0,0,Ignore_3,warning,0,0,0,0,0,0,0,0,0,0,0,0,False
dataset/front_running/eth_tx_order_dependence_minimal.sol:26,0,0,0,0,0,0,0,0,Ignore_3,warning,0,0,0,0,0,0,0,0,0,0,0,0,False
dataset/front_running/eth_tx_order_dependence_minimal.sol:11,0,0,0,0,0,0,0,0,Ignore_3,warning,0,0,0,0,0,0,0,0,0,0,0,0,False
dataset/front_running/eth_tx_order_dependence_minimal.sol:9,0,0,0,0,0,0,0,0,Ignore_3,warning,0,0,0,0,0,0,0,0,0,0,0,0,False
dataset/front_running/eth_tx_order_dependence_minimal.sol:17,0,0,0,0,0,0,0,0,Ignore_3,warning,0,0,0,0,0,0,0,0,0,0,0,0,False
dataset/front_running/FindThisHash.sol:10,0,0,0,0,0,0,0,0,0,0,Arithmetic_2,warning,0,0,Ignore_12,note,0,0,0,0,0,0,False
dataset/front_running/ERC20.sol:7,0,0,0,0,0,0,0,0,0,0,0,0,Ignore_28,warning,0,0,0,0,0,0,0,0,False
dataset/front_running/odds_and_evens.sol:7,0,0,0,0,0,0,0,0,0,0,0,0,Ignore_28,warning,Ignore_17,note,0,0,0,0,0,0,False
dataset/front_running/FindThisHash.sol:7,0,0,0,0,0,0,0,0,0,0,0,0,Ignore_28,warning,Ignore_17,note,0,0,0,0,0,0,False
dataset/front_running/eth_tx_order_dependence_minimal.sol:7,0,0,0,0,0,0,0,0,0,0,0,0,Ignore_28,warning,Ignore_17,note,0,0,0,0,0,0,False
dataset/front_running/eth_tx_order_dependence_minimal.sol:27,0,0,0,0,0,0,0,0,0,0,0,0,Ignore_38,warning,Ignore_11,note,0,0,0,0,0,0,False
dataset/front_running/FindThisHash.sol:18,0,0,0,0,0,0,0,0,0,0,0,0,0,0,AccessControl_19,error,AccessControl_13,warning,0,0,Reentrancy_14,warning,False
dataset/front_running/eth_tx_order_dependence_minimal.sol:18,0,0,0,0,0,0,0,0,0,0,0,0,0,0,Ignore_11,note,0,0,0,0,0,0,False
dataset/front_running/eth_tx_order_dependence_minimal.sol:14,0,0,0,0,0,0,0,0,0,0,0,0,0,0,Ignore_12,note,0,0,0,0,0,0,False
dataset/bad_randomness/random_number_generator.sol:12,,,,,,,,,,,,,,,,,,,,,,True
dataset/bad_randomness/random_number_generator.sol:18,,,,,,,,,,,,,,,,,,,,,,True
dataset/bad_randomness/random_number_generator.sol:20,,,,,,,,,,,,,,,,,,,,,,True
dataset/bad_randomness/random_number_generator.sol:22,,,,,,,,,,,,,,,,,,,,,,True
dataset/bad_randomness/lottery.sol:38,,,,,,,,,,,,,,,,,,,,,,True
dataset/bad_randomness/lottery.sol:42,,,,,,,,,,,,,,,,,,,,,,True
dataset/bad_randomness/blackjack.sol:17,,,,,,,,,,,,,,,,,,,,,,True
dataset/bad_randomness/blackjack.sol:19,,,,,,,,,,,,,,,,,,,,,,True
dataset/bad_randomness/blackjack.sol:21,,,,,,,,,,,,,,,,,,,,,,True
dataset/bad_randomness/lucky_doubler.sol:127,,,,,,,,,,,,,,,,,,,,,,True
dataset/bad_randomness/smart_billions.sol:523,,,,,,,,,,,,,,,,,,,,,,True
dataset/bad_randomness/smart_billions.sol:560,,,,,,,,,,,,,,,,,,,,,,True
dataset/bad_randomness/smart_billions.sol:700,,,,,,,,,,,,,,,,,,,,,,True
dataset/bad_randomness/smart_billions.sol:702,,,,,,,,,,,,,,,,,,,,,,True
dataset/bad_randomness/smart_billions.sol:704,,,,,,,,,,,,,,,,,,,,,,True
dataset/bad_randomness/smart_billions.sol:706,,,,,,,,,,,,,,,,,,,,,,True
dataset/bad_randomness/smart_billions.sol:708,,,,,,,,,,,,,,,,,,,,,,True
dataset/bad_randomness/smart_billions.sol:710,,,,,,,,,,,,,,,,,,,,,,True
dataset/bad_randomness/smart_billions.sol:712,,,,,,,,,,,,,,,,,,,,,,True
dataset/bad_randomness/smart_billions.sol:714,,,,,,,,,,,,,,,,,,,,,,True
dataset/bad_randomness/smart_billions.sol:716,,,,,,,,,,,,,,,,,,,,,,True
dataset/bad_randomness/smart_billions.sol:718,,,,,,,,,,,,,,,,,,,,,,True
dataset/bad_randomness/guess_the_random_number.sol:15,,,,,,,,,,,,,,,,,,,,,,True
dataset/bad_randomness/etheraffle.sol:49,,,,,,,,,,,,,,,,,,,,,,True
dataset/bad_randomness/etheraffle.sol:99,,,,,,,,,,,,,,,,,,,,,,True
dataset/bad_randomness/etheraffle.sol:101,,,,,,,,,,,,,,,,,,,,,,True
dataset/bad_randomness/etheraffle.sol:103,,,,,,,,,,,,,,,,,,,,,,True
dataset/bad_randomness/etheraffle.sol:114,,,,,,,,,,,,,,,,,,,,,,True
dataset/bad_randomness/etheraffle.sol:158,,,,,,,,,,,,,,,,,,,,,,True
dataset/bad_randomness/old_blockhash.sol:35,,,,,,,,,,,,,,,,,,,,,,True
dataset/reentrancy/reentrancy_bonus.sol:28,,,,,,,,,,,,,,,,,,,,,,True
dataset/reentrancy/0x7b368c4e805c3870b6c49a3f1f49f69af8662cf3.sol:29,,,,,,,,,,,,,,,,,,,,,,True
dataset/reentrancy/reentrancy_insecure.sol:17,,,,,,,,,,,,,,,,,,,,,,True
dataset/reentrancy/0x23a91059fdc9579a9fbd0edc5f2ea0bfdb70deb4.sol:38,,,,,,,,,,,,,,,,,,,,,,True
dataset/reentrancy/0x561eac93c92360949ab1f1403323e6db345cbf31.sol:54,,,,,,,,,,,,,,,,,,,,,,True
dataset/reentrancy/spank_chain_payment.sol:426,,,,,,,,,,,,,,,,,,,,,,True
dataset/reentrancy/spank_chain_payment.sol:430,,,,,,,,,,,,,,,,,,,,,,True
dataset/reentrancy/0x01f8c4e3fa3edeb29e514cba738d87ce8c091d3f.sol:54,,,,,,,,,,,,,,,,,,,,,,True
dataset/reentrancy/0x7541b76cb60f4c60af330c208b0623b7f54bf615.sol:29,,,,,,,,,,,,,,,,,,,,,,True
dataset/reentrancy/0x941d225236464a25eb18076df7da6a91d0f95e9e.sol:44,,,,,,,,,,,,,,,,,,,,,,True
dataset/reentrancy/0x4e73b32ed6c35f570686b89848e5f39f20ecc106.sol:54,,,,,,,,,,,,,,,,,,,,,,True
dataset/reentrancy/0x93c32845fae42c83a70e5f06214c8433665c2ab5.sol:29,,,,,,,,,,,,,,,,,,,,,,True
dataset/reentrancy/modifier_reentrancy.sol:15,,,,,,,,,,,,,,,,,,,,,,True
dataset/reentrancy/0xb93430ce38ac4a6bb47fb1fc085ea669353fd89e.sol:38,,,,,,,,,,,,,,,,,,,,,,True
dataset/reentrancy/0x96edbe868531bd23a6c05e9d0c424ea64fb1b78b.sol:63,,,,,,,,,,,,,,,,,,,,,,True
dataset/reentrancy/0xf015c35649c82f5467c9c74b7f28ee67665aad68.sol:29,,,,,,,,,,,,,,,,,,,,,,True
dataset/reentrancy/0xbe4041d55db380c5ae9d4a9b9703f1ed4e7e3888.sol:63,,,,,,,,,,,,,,,,,,,,,,True
dataset/reentrancy/0x7a8721a9d64c74da899424c1b52acbf58ddc9782.sol:52,,,,,,,,,,,,,,,,,,,,,,True
dataset/reentrancy/0xbaf51e761510c1a11bf48dd87c0307ac8a8c8a4f.sol:41,,,,,,,,,,,,,,,,,,,,,,True
dataset/reentrancy/simple_dao.sol:19,,,,,,,,,,,,,,,,,,,,,,True
dataset/reentrancy/reentrance.sol:24,,,,,,,,,,,,,,,,,,,,,,True
dataset/reentrancy/0xcead721ef5b11f1a7b530171aab69b16c5e66b6e.sol:29,,,,,,,,,,,,,,,,,,,,,,True
dataset/reentrancy/0x4320e6f8c05b27ab4707cd1f6d5ce6f3e4b3a5a1.sol:55,,,,,,,,,,,,,,,,,,,,,,True
dataset/reentrancy/etherbank.sol:21,,,,,,,,,,,,,,,,,,,,,,True
dataset/reentrancy/reentrancy_cross_function.sol:24,,,,,,,,,,,,,,,,,,,,,,True
dataset/reentrancy/0xb5e1b1ee15c6fa0e48fce100125569d430f1bd12.sol:40,,,,,,,,,,,,,,,,,,,,,,True
dataset/reentrancy/0x627fa62ccbb1c1b04ffaecd72a53e37fc0e17839.sol:94,,,,,,,,,,,,,,,,,,,,,,True
dataset/reentrancy/reentrancy_simple.sol:24,,,,,,,,,,,,,,,,,,,,,,True
dataset/reentrancy/0x8c7777c45481dba411450c228cb692ac3d550344.sol:41,,,,,,,,,,,,,,,,,,,,,,True
dataset/reentrancy/0xaae1f51cf3339f18b6d3f3bdc75a5facd744b0b8.sol:54,,,,,,,,,,,,,,,,,,,,,,True
dataset/reentrancy/etherstore.sol:27,,,,,,,,,,,,,,,,,,,,,,True
dataset/reentrancy/reentrancy_dao.sol:18,,,,,,,,,,,,,,,,,,,,,,True
dataset/denial_of_service/auction.sol:23,,,,,,,,,,,,,,,,,,,,,,True
dataset/denial_of_service/dos_simple.sol:17,,,,,,,,,,,,,,,,,,,,,,True
dataset/denial_of_service/dos_number.sol:18,,,,,,,,,,,,,,,,,,,,,,True
dataset/denial_of_service/send_loop.sol:24,,,,,,,,,,,,,,,,,,,,,,True
dataset/denial_of_service/dos_address.sol:16,,,,,,,,,,,,,,,,,,,,,,True
dataset/denial_of_service/list_dos.sol:46,,,,,,,,,,,,,,,,,,,,,,True
dataset/denial_of_service/list_dos.sol:48,,,,,,,,,,,,,,,,,,,,,,True
dataset/access_control/arbitrary_location_write_simple.sol:27,,,,,,,,,,,,,,,,,,,,,,True
dataset/access_control/multiowned_vulnerable.sol:38,,,,,,,,,,,,,,,,,,,,,,True
dataset/access_control/wallet_04_confused_sign.sol:30,,,,,,,,,,,,,,,,,,,,,,True
dataset/access_control/wallet_02_refund_nosub.sol:36,,,,,,,,,,,,,,,,,,,,,,True
dataset/access_control/phishable.sol:20,,,,,,,,,,,,,,,,,,,,,,True
dataset/access_control/mycontract.sol:20,,,,,,,,,,,,,,,,,,,,,,True
dataset/access_control/incorrect_constructor_name2.sol:18,,,,,,,,,,,,,,,,,,,,,,True
dataset/access_control/incorrect_constructor_name1.sol:20,,,,,,,,,,,,,,,,,,,,,,True
dataset/access_control/rubixi.sol:23,,,,,,,,,,,,,,,,,,,,,,True
dataset/access_control/mapping_write.sol:20,,,,,,,,,,,,,,,,,,,,,,True
dataset/access_control/simple_suicide.sol:12,,,,,,,,,,,,,,,,,,,,,,True
dataset/access_control/unprotected0.sol:25,,,,,,,,,,,,,,,,,,,,,,True
dataset/access_control/proxy.sol:19,,,,,,,,,,,,,,,,,,,,,,True
dataset/access_control/incorrect_constructor_name3.sol:17,,,,,,,,,,,,,,,,,,,,,,True
dataset/access_control/wallet_03_wrong_constructor.sol:19,,,,,,,,,,,,,,,,,,,,,,True
dataset/access_control/FibonacciBalance.sol:31,,,,,,,,,,,,,,,,,,,,,,True
dataset/access_control/FibonacciBalance.sol:38,,,,,,,,,,,,,,,,,,,,,,True
dataset/access_control/parity_wallet_bug_2.sol:226,,,,,,,,,,,,,,,,,,,,,,True
dataset/access_control/parity_wallet_bug_2.sol:233,,,,,,,,,,,,,,,,,,,,,,True
dataset/access_control/parity_wallet_bug_1.sol:223,,,,,,,,,,,,,,,,,,,,,,True
dataset/access_control/parity_wallet_bug_1.sol:437,,,,,,,,,,,,,,,,,,,,,,True
dataset/unchecked_low_level_calls/0xdb1c55f6926e7d847ddf8678905ad871a68199d2.sol:39,,,,,,,,,,,,,,,,,,,,,,True
dataset/unchecked_low_level_calls/0x07f7ecb66d788ab01dc93b9b71a88401de7d0f2e.sol:201,,,,,,,,,,,,,,,,,,,,,,True
dataset/unchecked_low_level_calls/0x07f7ecb66d788ab01dc93b9b71a88401de7d0f2e.sol:213,,,,,,,,,,,,,,,,,,,,,,True
dataset/unchecked_low_level_calls/0xb620cee6b52f96f3c6b253e6eea556aa2d214a99.sol:100,,,,,,,,,,,,,,,,,,,,,,True
dataset/unchecked_low_level_calls/0xb620cee6b52f96f3c6b253e6eea556aa2d214a99.sol:106,,,,,,,,,,,,,,,,,,,,,,True
dataset/unchecked_low_level_calls/0xb620cee6b52f96f3c6b253e6eea556aa2d214a99.sol:133,,,,,,,,,,,,,,,,,,,,,,True
dataset/unchecked_low_level_calls/0xd2018bfaa266a9ec0a1a84b061640faa009def76.sol:44,,,,,,,,,,,,,,,,,,,,,,True
dataset/unchecked_low_level_calls/0xe4eabdca81e31d9acbc4af76b30f532b6ed7f3bf.sol:44,,,,,,,,,,,,,,,,,,,,,,True
dataset/unchecked_low_level_calls/0xe82f0742a71a02b9e9ffc142fdcb6eb1ed06fb87.sol:39,,,,,,,,,,,,,,,,,,,,,,True
dataset/unchecked_low_level_calls/0x78c2a1e91b52bca4130b6ed9edd9fbcfd4671c37.sol:45,,,,,,,,,,,,,,,,,,,,,,True
dataset/unchecked_low_level_calls/0xf70d589d76eebdd7c12cc5eec99f8f6fa4233b9e.sol:44,,,,,,,,,,,,,,,,,,,,,,True
dataset/unchecked_low_level_calls/0x663e4229142a27f00bafb5d087e1e730648314c3.sol:1152,,,,,,,,,,,,,,,,,,,,,,True
dataset/unchecked_low_level_calls/0x663e4229142a27f00bafb5d087e1e730648314c3.sol:1496,,,,,,,,,,,,,,,,,,,,,,True
dataset/unchecked_low_level_calls/0x663e4229142a27f00bafb5d087e1e730648314c3.sol:2467,,,,,,,,,,,,,,,,,,,,,,True
dataset/unchecked_low_level_calls/0x19cf8481ea15427a98ba3cdd6d9e14690011ab10.sol:439,,,,,,,,,,,,,,,,,,,,,,True
dataset/unchecked_low_level_calls/0x19cf8481ea15427a98ba3cdd6d9e14690011ab10.sol:465,,,,,,,,,,,,,,,,,,,,,,True
dataset/unchecked_low_level_calls/0xb37f18af15bafb869a065b61fc83cfc44ed9cc27.sol:33,,,,,,,,,,,,,,,,,,,,,,True
dataset/unchecked_low_level_calls/0x9d06cbafa865037a01d322d3f4222fa3e04e5488.sol:54,,,,,,,,,,,,,,,,,,,,,,True
dataset/unchecked_low_level_calls/0x9d06cbafa865037a01d322d3f4222fa3e04e5488.sol:65,,,,,,,,,,,,,,,,,,,,,,True
dataset/unchecked_low_level_calls/etherpot_lotto.sol:109,,,,,,,,,,,,,,,,,,,,,,True
dataset/unchecked_low_level_calls/etherpot_lotto.sol:141,,,,,,,,,,,,,,,,,,,,,,True
dataset/unchecked_low_level_calls/0x3a0e9acd953ffc0dd18d63603488846a6b8b2b01.sol:44,,,,,,,,,,,,,,,,,,,,,,True
dataset/unchecked_low_level_calls/0x3a0e9acd953ffc0dd18d63603488846a6b8b2b01.sol:97,,,,,,,,,,,,,,,,,,,,,,True
dataset/unchecked_low_level_calls/0xa1fceeff3acc57d257b917e30c4df661401d6431.sol:31,,,,,,,,,,,,,,,,,,,,,,True
dataset/unchecked_low_level_calls/0x2972d548497286d18e92b5fa1f8f9139e5653fd2.sol:14,,,,,,,,,,,,,,,,,,,,,,True
dataset/unchecked_low_level_calls/0x8fd1e427396ddb511533cf9abdbebd0a7e08da35.sol:44,,,,,,,,,,,,,,,,,,,,,,True
dataset/unchecked_low_level_calls/0x8fd1e427396ddb511533cf9abdbebd0a7e08da35.sol:97,,,,,,,,,,,,,,,,,,,,,,True
dataset/unchecked_low_level_calls/0x4051334adc52057aca763453820cb0e045076ef3.sol:16,,,,,,,,,,,,,,,,,,,,,,True
dataset/unchecked_low_level_calls/0x4b71ad9c1a84b9b643aa54fdd66e2dec96e8b152.sol:17,,,,,,,,,,,,,,,,,,,,,,True
dataset/unchecked_low_level_calls/0xd5967fed03e85d1cce44cab284695b41bc675b5c.sol:16,,,,,,,,,,,,,,,,,,,,,,True
dataset/unchecked_low_level_calls/king_of_the_ether_throne.sol:110,,,,,,,,,,,,,,,,,,,,,,True
dataset/unchecked_low_level_calls/king_of_the_ether_throne.sol:118,,,,,,,,,,,,,,,,,,,,,,True
dataset/unchecked_low_level_calls/king_of_the_ether_throne.sol:132,,,,,,,,,,,,,,,,,,,,,,True
dataset/unchecked_low_level_calls/king_of_the_ether_throne.sol:174,,,,,,,,,,,,,,,,,,,,,,True
dataset/unchecked_low_level_calls/0x610495793564aed0f9c7fc48dc4c7c9151d34fd6.sol:33,,,,,,,,,,,,,,,,,,,,,,True
dataset/unchecked_low_level_calls/0xec329ffc97d75fe03428ae155fc7793431487f63.sol:30,,,,,,,,,,,,,,,,,,,,,,True
dataset/unchecked_low_level_calls/0x5aa88d2901c68fda244f1d0584400368d2c8e739.sol:29,,,,,,,,,,,,,,,,,,,,,,True
dataset/unchecked_low_level_calls/0xe894d54dca59cb53fe9cbc5155093605c7068220.sol:17,,,,,,,,,,,,,,,,,,,,,,True
dataset/unchecked_low_level_calls/0xe09b1ab8111c2729a76f16de96bc86a7af837928.sol:150,,,,,,,,,,,,,,,,,,,,,,True
dataset/unchecked_low_level_calls/0x52d2e0f9b01101a59b38a3d05c80b7618aeed984.sol:27,,,,,,,,,,,,,,,,,,,,,,True
dataset/unchecked_low_level_calls/0xb11b2fed6c9354f7aa2f658d3b4d7b31d8a13b77.sol:14,,,,,,,,,,,,,,,,,,,,,,True
dataset/unchecked_low_level_calls/0x0cbe050f75bc8f8c2d6c0d249fea125fd6e1acc9.sol:12,,,,,,,,,,,,,,,,,,,,,,True
dataset/unchecked_low_level_calls/0x524960d55174d912768678d8c606b4d50b79d7b1.sol:21,,,,,,,,,,,,,,,,,,,,,,True
dataset/unchecked_low_level_calls/0x806a6bd219f162442d992bdc4ee6eba1f2c5a707.sol:44,,,,,,,,,,,,,,,,,,,,,,True
dataset/unchecked_low_level_calls/0x7d09edb07d23acb532a82be3da5c17d9d85806b4.sol:198,,,,,,,,,,,,,,,,,,,,,,True
dataset/unchecked_low_level_calls/0x7d09edb07d23acb532a82be3da5c17d9d85806b4.sol:210,,,,,,,,,,,,,,,,,,,,,,True
dataset/unchecked_low_level_calls/0x4a66ad0bca2d700f11e1f2fc2c106f7d3264504c.sol:19,,,,,,,,,,,,,,,,,,,,,,True
dataset/unchecked_low_level_calls/0x39cfd754c85023648bf003bea2dd498c5612abfa.sol:44,,,,,,,,,,,,,,,,,,,,,,True
dataset/unchecked_low_level_calls/0x39cfd754c85023648bf003bea2dd498c5612abfa.sol:97,,,,,,,,,,,,,,,,,,,,,,True
dataset/unchecked_low_level_calls/0x958a8f594101d2c0485a52319f29b2647f2ebc06.sol:55,,,,,,,,,,,,,,,,,,,,,,True
dataset/unchecked_low_level_calls/0xbaa3de6504690efb064420d89e871c27065cdd52.sol:14,,,,,,,,,,,,,,,,,,,,,,True
dataset/unchecked_low_level_calls/0xf2570186500a46986f3139f65afedc2afe4f445d.sol:18,,,,,,,,,,,,,,,,,,,,,,True
dataset/unchecked_low_level_calls/0xf29ebe930a539a60279ace72c707cba851a57707.sol:16,,,,,,,,,,,,,,,,,,,,,,True
dataset/unchecked_low_level_calls/0x3e013fc32a54c4c5b6991ba539dcd0ec4355c859.sol:29,,,,,,,,,,,,,,,,,,,,,,True
dataset/unchecked_low_level_calls/unchecked_return_value.sol:17,,,,,,,,,,,,,,,,,,,,,,True
dataset/unchecked_low_level_calls/0xbebbfe5b549f5db6e6c78ca97cac19d1fb03082c.sol:14,,,,,,,,,,,,,,,,,,,,,,True
dataset/unchecked_low_level_calls/0x70f9eddb3931491aab1aeafbc1e7f1ca2a012db4.sol:29,,,,,,,,,,,,,,,,,,,,,,True
dataset/unchecked_low_level_calls/0x3f2ef511aa6e75231e4deafc7a3d2ecab3741de2.sol:45,,,,,,,,,,,,,,,,,,,,,,True
dataset/unchecked_low_level_calls/0xa46edd6a9a93feec36576ee5048146870ea2c3ae.sol:16,,,,,,,,,,,,,,,,,,,,,,True
dataset/unchecked_low_level_calls/0x89c1b3807d4c67df034fffb62f3509561218d30b.sol:162,,,,,,,,,,,,,,,,,,,,,,True
dataset/unchecked_low_level_calls/0x89c1b3807d4c67df034fffb62f3509561218d30b.sol:175,,,,,,,,,,,,,,,,,,,,,,True
dataset/unchecked_low_level_calls/0x89c1b3807d4c67df034fffb62f3509561218d30b.sol:180,,,,,,,,,,,,,,,,,,,,,,True
dataset/unchecked_low_level_calls/0x89c1b3807d4c67df034fffb62f3509561218d30b.sol:192,,,,,,,,,,,,,,,,,,,,,,True
dataset/unchecked_low_level_calls/0x7a4349a749e59a5736efb7826ee3496a2dfd5489.sol:44,,,,,,,,,,,,,,,,,,,,,,True
dataset/unchecked_low_level_calls/0x627fa62ccbb1c1b04ffaecd72a53e37fc0e17839.sol:44,,,,,,,,,,,,,,,,,,,,,,True
dataset/unchecked_low_level_calls/0x84d9ec85c9c568eb332b7226a8f826d897e0a4a8.sol:56,,,,,,,,,,,,,,,,,,,,,,True
dataset/unchecked_low_level_calls/mishandled.sol:14,,,,,,,,,,,,,,,,,,,,,,True
dataset/unchecked_low_level_calls/0xb7c5c5aa4d42967efe906e1b66cb8df9cebf04f7.sol:25,,,,,,,,,,,,,,,,,,,,,,True
dataset/unchecked_low_level_calls/lotto.sol:20,,,,,,,,,,,,,,,,,,,,,,True
dataset/unchecked_low_level_calls/lotto.sol:27,,,,,,,,,,,,,,,,,,,,,,True
dataset/unchecked_low_level_calls/0xb0510d68f210b7db66e8c7c814f22680f2b8d1d6.sol:69,,,,,,,,,,,,,,,,,,,,,,True
dataset/unchecked_low_level_calls/0xb0510d68f210b7db66e8c7c814f22680f2b8d1d6.sol:71,,,,,,,,,,,,,,,,,,,,,,True
dataset/unchecked_low_level_calls/0xb0510d68f210b7db66e8c7c814f22680f2b8d1d6.sol:73,,,,,,,,,,,,,,,,,,,,,,True
dataset/unchecked_low_level_calls/0xb0510d68f210b7db66e8c7c814f22680f2b8d1d6.sol:75,,,,,,,,,,,,,,,,,,,,,,True
dataset/unchecked_low_level_calls/0xb0510d68f210b7db66e8c7c814f22680f2b8d1d6.sol:102,,,,,,,,,,,,,,,,,,,,,,True
dataset/other/crypto_roulette.sol:40,,,,,,,,,,,,,,,,,,,,,,True
dataset/other/open_address_lottery.sol:91,,,,,,,,,,,,,,,,,,,,,,True
dataset/other/name_registrar.sol:21,,,,,,,,,,,,,,,,,,,,,,True
dataset/time_manipulation/timed_crowdsale.sol:13,,,,,,,,,,,,,,,,,,,,,,True
dataset/time_manipulation/roulette.sol:18,,,,,,,,,,,,,,,,,,,,,,True
dataset/time_manipulation/roulette.sol:20,,,,,,,,,,,,,,,,,,,,,,True
dataset/time_manipulation/governmental_survey.sol:27,,,,,,,,,,,,,,,,,,,,,,True
dataset/time_manipulation/lottopollo.sol:13,,,,,,,,,,,,,,,,,,,,,,True
dataset/time_manipulation/lottopollo.sol:27,,,,,,,,,,,,,,,,,,,,,,True
dataset/time_manipulation/ether_lotto.sol:43,,,,,,,,,,,,,,,,,,,,,,True
dataset/short_addresses/short_address_example.sol:18,,,,,,,,,,,,,,,,,,,,,,True
dataset/arithmetic/integer_overflow_mul.sol:17,,,,,,,,,,,,,,,,,,,,,,True
dataset/arithmetic/integer_overflow_add.sol:17,,,,,,,,,,,,,,,,,,,,,,True
dataset/arithmetic/integer_overflow_multitx_multifunc_feasible.sol:25,,,,,,,,,,,,,,,,,,,,,,True
dataset/arithmetic/timelock.sol:22,,,,,,,,,,,,,,,,,,,,,,True
dataset/arithmetic/insecure_transfer.sol:18,,,,,,,,,,,,,,,,,,,,,,True
dataset/arithmetic/overflow_single_tx.sol:18,,,,,,,,,,,,,,,,,,,,,,True
dataset/arithmetic/overflow_single_tx.sol:24,,,,,,,,,,,,,,,,,,,,,,True
dataset/arithmetic/overflow_single_tx.sol:30,,,,,,,,,,,,,,,,,,,,,,True
dataset/arithmetic/overflow_single_tx.sol:36,,,,,,,,,,,,,,,,,,,,,,True
dataset/arithmetic/overflow_single_tx.sol:42,,,,,,,,,,,,,,,,,,,,,,True
dataset/arithmetic/overflow_single_tx.sol:48,,,,,,,,,,,,,,,,,,,,,,True
dataset/arithmetic/tokensalechallenge.sol:23,,,,,,,,,,,,,,,,,,,,,,True
dataset/arithmetic/tokensalechallenge.sol:25,,,,,,,,,,,,,,,,,,,,,,True
dataset/arithmetic/tokensalechallenge.sol:33,,,,,,,,,,,,,,,,,,,,,,True
dataset/arithmetic/token.sol:20,,,,,,,,,,,,,,,,,,,,,,True
dataset/arithmetic/token.sol:22,,,,,,,,,,,,,,,,,,,,,,True
dataset/arithmetic/integer_overflow_multitx_onefunc_feasible.sol:22,,,,,,,,,,,,,,,,,,,,,,True
dataset/arithmetic/integer_overflow_benign_1.sol:17,,,,,,,,,,,,,,,,,,,,,,True
dataset/arithmetic/integer_overflow_minimal.sol:17,,,,,,,,,,,,,,,,,,,,,,True
dataset/arithmetic/integer_overflow_1.sol:14,,,,,,,,,,,,,,,,,,,,,,True
dataset/arithmetic/overflow_simple_add.sol:14,,,,,,,,,,,,,,,,,,,,,,True
dataset/arithmetic/integer_overflow_mapping_sym_1.sol:16,,,,,,,,,,,,,,,,,,,,,,True
dataset/arithmetic/BECToken.sol:264,,,,,,,,,,,,,,,,,,,,,,True
