bug_id,SmartCheck_rule_id,SmartCheck_level,Oyente_rule_id,Oyente_level,Maian_rule_id,Maian_level,Conkas_rule_id,Conkas_level,Manticore_rule_id,Manticore_level,HoneyBadger_rule_id,HoneyBadger_level,Mythril_rule_id,Mythril_level,Osiris_rule_id,Osiris_level,Solhint_rule_id,Solhint_level,Securify_rule_id,Securify_level,Slither_rule_id,Slither_level,Value
dataset/reentrancy/spank_chain_payment.sol:348,0,0,0,0,0,0,0,0,0,0,0,0,0,0,0,0,Ignore_40,error,0,0,0,0,False
dataset/reentrancy/spank_chain_payment.sol:349,0,0,0,0,0,0,0,0,0,0,0,0,0,0,0,0,Ignore_40,error,0,0,0,0,False
dataset/reentrancy/spank_chain_payment.sol:343,0,0,0,0,0,0,0,0,0,0,0,0,0,0,0,0,Ignore_40,error,0,0,0,0,False
dataset/reentrancy/spank_chain_payment.sol:340,0,0,0,0,0,0,0,0,0,0,0,0,0,0,0,0,Ignore_40,error,0,0,0,0,False
dataset/reentrancy/spank_chain_payment.sol:341,0,0,0,0,0,0,0,0,0,0,0,0,0,0,0,0,Ignore_40,error,0,0,0,0,False
dataset/reentrancy/spank_chain_payment.sol:346,0,0,0,0,0,0,0,0,0,0,0,0,0,0,0,0,Ignore_40,error,0,0,0,0,False
dataset/reentrancy/spank_chain_payment.sol:347,0,0,0,0,0,0,0,0,0,0,0,0,0,0,0,0,Ignore_40,error,0,0,0,0,False
dataset/reentrancy/spank_chain_payment.sol:345,0,0,0,0,0,0,0,0,0,0,0,0,0,0,0,0,Ignore_40,error,0,0,0,0,False
dataset/solidiFI/buggy_contracts/Unchecked-Send/buggy_26.sol:188,Ignore_30,warning,0,0,0,0,0,0,0,0,0,0,0,0,0,0,0,0,0,0,0,0,False
dataset/solidiFI/buggy_contracts/Overflow-Underflow/buggy_22.sol:233,0,0,0,0,0,0,0,0,0,0,0,0,0,0,0,0,Ignore_40,error,0,0,0,0,False
dataset/solidiFI/buggy_contracts/Overflow-Underflow/buggy_22.sol:230,0,0,0,0,0,0,0,0,0,0,0,0,0,0,0,0,Ignore_40,error,0,0,0,0,False
dataset/solidiFI/buggy_contracts/Overflow-Underflow/buggy_22.sol:231,0,0,0,0,0,0,0,0,0,0,0,0,0,0,0,0,Ignore_40,error,0,0,0,0,False
dataset/solidiFI/buggy_contracts/Overflow-Underflow/buggy_22.sol:236,0,0,0,0,0,0,0,0,0,0,0,0,0,0,0,0,Ignore_40,error,0,0,0,0,False
dataset/solidiFI/buggy_contracts/Overflow-Underflow/buggy_22.sol:237,0,0,0,0,0,0,0,0,0,0,0,0,0,0,0,0,Ignore_40,error,0,0,0,0,False
dataset/solidiFI/buggy_contracts/Overflow-Underflow/buggy_22.sol:234,0,0,0,0,0,0,0,0,0,0,0,0,0,0,0,0,Ignore_40,error,0,0,0,0,False
dataset/solidiFI/buggy_contracts/Overflow-Underflow/buggy_22.sol:235,0,0,0,0,0,0,0,0,0,0,0,0,0,0,0,0,Ignore_40,error,0,0,0,0,False
dataset/solidiFI/buggy_contracts/Unchecked-Send/buggy_26.sol:180,0,0,0,0,0,0,0,0,0,0,0,0,0,0,0,0,0,0,0,0,Ignore_12,note,False
dataset/solidiFI/buggy_contracts/Overflow-Underflow/buggy_22.sol:238,0,0,0,0,0,0,0,0,0,0,0,0,0,0,0,0,Ignore_40,error,0,0,0,0,False
dataset/solidiFI/buggy_contracts/Overflow-Underflow/buggy_22.sol:239,Ignore_38,warning,0,0,0,0,0,0,0,0,0,0,0,0,0,0,Ignore_40,error,0,0,0,0,False
dataset/solidiFI/buggy_contracts/Unchecked-Send/buggy_26.sol:186,0,0,0,0,0,0,0,0,0,0,0,0,0,0,0,0,Ignore_40,error,0,0,Ignore_12,note,False
dataset/solidiFI/buggy_contracts/Unchecked-Send/buggy_26.sol:187,0,0,0,0,0,0,Reentrancy_14,warning,0,0,0,0,0,0,0,0,Ignore_40,error,0,0,AccessControl_19,error,False
dataset/solidiFI/buggy_contracts/Unchecked-Send/buggy_44.sol:214,0,0,0,0,0,0,0,0,0,0,0,0,0,0,0,0,Ignore_40,error,0,0,0,0,False
dataset/solidiFI/buggy_contracts/Unchecked-Send/buggy_44.sol:215,0,0,0,0,0,0,0,0,0,0,0,0,0,0,0,0,Ignore_40,error,0,0,0,0,False
dataset/solidiFI/buggy_contracts/Unchecked-Send/buggy_44.sol:216,0,0,0,0,0,0,0,0,0,0,0,0,0,0,0,0,Ignore_40,error,0,0,0,0,False
dataset/solidiFI/buggy_contracts/Unchecked-Send/buggy_44.sol:217,0,0,0,0,0,0,0,0,0,0,0,0,0,0,0,0,Ignore_40,error,0,0,0,0,False
dataset/solidiFI/buggy_contracts/Unchecked-Send/buggy_44.sol:210,0,0,0,0,0,0,0,0,0,0,0,0,0,0,0,0,Ignore_40,error,0,0,0,0,False
dataset/solidiFI/buggy_contracts/Unchecked-Send/buggy_44.sol:212,0,0,0,0,0,0,0,0,0,0,0,0,0,0,0,0,Ignore_40,error,0,0,0,0,False
dataset/solidiFI/buggy_contracts/Unchecked-Send/buggy_44.sol:218,0,0,0,0,0,0,0,0,0,0,0,0,0,0,0,0,Ignore_40,error,0,0,0,0,False
dataset/solidiFI/buggy_contracts/Unchecked-Send/buggy_44.sol:219,0,0,0,0,0,0,0,0,0,0,0,0,0,0,0,0,Ignore_40,error,0,0,0,0,False
dataset/solidiFI/buggy_contracts/Overflow-Underflow/buggy_19.sol:318,0,0,0,0,0,0,0,0,0,0,0,0,0,0,0,0,Ignore_40,error,0,0,0,0,False
dataset/solidiFI/buggy_contracts/TOD/buggy_30.sol:768,0,0,0,0,0,0,Reentrancy_14,warning,0,0,0,0,0,0,0,0,Ignore_40,error,0,0,0,0,False
dataset/solidiFI/buggy_contracts/TOD/buggy_30.sol:766,0,0,0,0,0,0,0,0,0,0,0,0,0,0,0,0,Ignore_40,error,0,0,0,0,False
dataset/unchecked_low_level_calls/0x3f2ef511aa6e75231e4deafc7a3d2ecab3741de2.sol:7,Ignore_28,warning,0,0,0,0,0,0,0,0,0,0,0,0,0,0,0,0,0,0,Ignore_17,note,False
dataset/solidiFI/buggy_contracts/Re-entrancy/buggy_44.sol:62,0,0,0,0,0,0,0,0,0,0,0,0,0,0,0,0,Ignore_40,error,0,0,0,0,False
dataset/solidiFI/buggy_contracts/Overflow-Underflow/buggy_43.sol:104,0,0,0,0,0,0,0,0,0,0,0,0,0,0,0,0,Ignore_40,error,0,0,0,0,False
dataset/solidiFI/buggy_contracts/Overflow-Underflow/buggy_43.sol:103,0,0,0,0,0,0,0,0,0,0,0,0,0,0,0,0,Ignore_40,error,0,0,0,0,False
dataset/solidiFI/buggy_contracts/Re-entrancy/buggy_44.sol:65,UncheckedLowCalls_8,warning,0,0,0,0,0,0,0,0,0,0,0,0,0,0,0,0,0,0,0,0,False
dataset/solidiFI/buggy_contracts/Re-entrancy/buggy_44.sol:66,Ignore_31,warning,0,0,0,0,0,0,0,0,0,0,0,0,0,0,0,0,0,0,0,0,False
dataset/solidiFI/buggy_contracts/tx.origin/buggy_27.sol:428,0,0,0,0,0,0,0,0,0,0,0,0,0,0,0,0,Ignore_40,error,0,0,0,0,False
dataset/solidiFI/buggy_contracts/tx.origin/buggy_27.sol:429,0,0,0,0,0,0,0,0,0,0,0,0,0,0,0,0,Ignore_40,error,0,0,0,0,False
dataset/solidiFI/buggy_contracts/TOD/buggy_27.sol:847,0,0,0,0,0,0,0,0,0,0,0,0,0,0,0,0,0,0,0,0,Ignore_12,note,False
dataset/solidiFI/buggy_contracts/tx.origin/buggy_27.sol:425,0,0,0,0,0,0,0,0,0,0,0,0,0,0,0,0,Ignore_40,error,0,0,Ignore_12,note,False
dataset/solidiFI/buggy_contracts/tx.origin/buggy_27.sol:426,0,0,0,0,0,0,0,0,0,0,0,0,0,0,0,0,Ignore_40,error,0,0,0,0,False
dataset/solidiFI/buggy_contracts/tx.origin/buggy_27.sol:427,0,0,0,0,0,0,0,0,0,0,0,0,0,0,0,0,Ignore_40,error,0,0,0,0,False
dataset/solidiFI/buggy_contracts/TOD/buggy_27.sol:843,0,0,0,0,0,0,FrontRunning_5,warning,0,0,0,0,0,0,0,0,0,0,0,0,0,0,False
dataset/solidiFI/buggy_contracts/tx.origin/buggy_27.sol:421,0,0,0,0,0,0,0,0,0,0,0,0,0,0,0,0,Ignore_40,error,0,0,AccessControl_22,warning,False
dataset/solidiFI/buggy_contracts/tx.origin/buggy_27.sol:422,0,0,0,0,0,0,0,0,0,0,0,0,0,0,0,0,Ignore_40,error,0,0,0,0,False
dataset/solidiFI/buggy_contracts/tx.origin/buggy_27.sol:423,0,0,0,0,0,0,0,0,0,0,0,0,0,0,0,0,Ignore_40,error,0,0,0,0,False
dataset/solidiFI/buggy_contracts/Overflow-Underflow/buggy_22.sol:232,0,0,0,0,0,0,0,0,0,0,0,0,0,0,0,0,Ignore_40,error,0,0,0,0,False
dataset/solidiFI/buggy_contracts/tx.origin/buggy_19.sol:318,0,0,0,0,0,0,0,0,0,0,0,0,0,0,0,0,0,0,0,0,Ignore_11,note,False
dataset/solidiFI/buggy_contracts/Unhandled-Exceptions/buggy_30.sol:341,0,0,0,0,0,0,0,0,0,0,0,0,0,0,0,0,Ignore_40,error,0,0,0,0,False
dataset/solidiFI/buggy_contracts/Overflow-Underflow/buggy_16.sol:390,0,0,0,0,0,0,Arithmetic_20,warning,0,0,0,0,0,0,0,0,Ignore_40,error,0,0,0,0,False
dataset/solidiFI/buggy_contracts/Overflow-Underflow/buggy_16.sol:391,0,0,0,0,0,0,Arithmetic_19,warning,0,0,0,0,0,0,0,0,Ignore_40,error,0,0,0,0,False
dataset/solidiFI/buggy_contracts/Overflow-Underflow/buggy_16.sol:392,0,0,0,0,0,0,0,0,0,0,0,0,0,0,0,0,Ignore_40,error,0,0,0,0,False
dataset/solidiFI/buggy_contracts/Overflow-Underflow/buggy_16.sol:393,0,0,0,0,0,0,0,0,0,0,0,0,0,0,0,0,Ignore_40,error,0,0,0,0,False
dataset/solidiFI/buggy_contracts/Overflow-Underflow/buggy_16.sol:395,0,0,0,0,0,0,0,0,0,0,0,0,0,0,0,0,Ignore_41,error,0,0,Ignore_12,note,False
dataset/solidiFI/buggy_contracts/Re-entrancy/buggy_24.sol:294,Ignore_38,warning,0,0,0,0,0,0,0,0,0,0,0,0,0,0,Ignore_40,error,0,0,Ignore_12,note,False
dataset/solidiFI/buggy_contracts/Re-entrancy/buggy_24.sol:295,0,0,0,0,0,0,0,0,0,0,0,0,0,0,0,0,Ignore_40,error,0,0,Ignore_12,note,False
dataset/solidiFI/buggy_contracts/Re-entrancy/buggy_24.sol:297,UncheckedLowCalls_7,warning,0,0,0,0,0,0,0,0,0,0,0,0,0,0,0,0,0,0,AccessControl_19,error,False
dataset/solidiFI/buggy_contracts/TOD/buggy_24.sol:1271,0,0,0,0,0,0,0,0,0,0,0,0,0,0,0,0,Ignore_40,error,0,0,0,0,False
dataset/solidiFI/buggy_contracts/Re-entrancy/buggy_24.sol:293,0,0,0,0,0,0,0,0,0,0,0,0,0,0,0,0,Ignore_40,error,0,0,0,0,False
dataset/solidiFI/buggy_contracts/Overflow-Underflow/buggy_27.sol:58,0,0,0,0,0,0,0,0,0,0,0,0,0,0,0,0,Ignore_40,error,0,0,0,0,False
dataset/solidiFI/buggy_contracts/tx.origin/buggy_27.sol:397,0,0,0,0,0,0,0,0,0,0,0,0,0,0,0,0,Ignore_40,error,0,0,Ignore_11,note,False
dataset/solidiFI/buggy_contracts/tx.origin/buggy_27.sol:394,0,0,0,0,0,0,0,0,0,0,0,0,0,0,0,0,0,0,0,0,AccessControl_22,warning,False
dataset/solidiFI/buggy_contracts/tx.origin/buggy_27.sol:392,0,0,0,0,0,0,0,0,0,0,0,0,0,0,0,0,Ignore_40,error,0,0,0,0,False
dataset/solidiFI/buggy_contracts/tx.origin/buggy_27.sol:393,0,0,0,0,0,0,0,0,0,0,0,0,0,0,0,0,Ignore_40,error,0,0,Ignore_12,note,False
dataset/solidiFI/buggy_contracts/tx.origin/buggy_27.sol:390,0,0,0,0,0,0,0,0,0,0,0,0,0,0,0,0,Ignore_40,error,0,0,0,0,False
dataset/solidiFI/buggy_contracts/tx.origin/buggy_27.sol:391,0,0,0,0,0,0,0,0,0,0,0,0,0,0,0,0,Ignore_40,error,0,0,0,0,False
dataset/access_control/wallet_03_wrong_constructor.sol:7,Ignore_28,warning,0,0,0,0,0,0,0,0,0,0,0,0,0,0,Ignore_40,error,0,0,0,0,False
dataset/solidiFI/buggy_contracts/Overflow-Underflow/buggy_27.sol:53,0,0,0,0,0,0,0,0,0,0,0,0,0,0,0,0,0,0,0,0,Ignore_15,warning,False
dataset/solidiFI/buggy_contracts/Unhandled-Exceptions/buggy_16.sol:179,0,0,0,0,0,0,0,0,0,0,0,0,0,0,0,0,Ignore_40,error,0,0,Ignore_12,note,False
dataset/solidiFI/buggy_contracts/Overflow-Underflow/buggy_27.sol:55,0,0,0,0,0,0,0,0,0,0,0,0,0,0,0,0,Ignore_40,error,0,0,0,0,False
dataset/solidiFI/buggy_contracts/Overflow-Underflow/buggy_27.sol:56,0,0,0,0,0,0,0,0,0,0,0,0,0,0,0,0,Ignore_40,error,0,0,0,0,False
dataset/solidiFI/buggy_contracts/Overflow-Underflow/buggy_27.sol:57,0,0,0,0,0,0,0,0,0,0,0,0,0,0,0,0,Ignore_40,error,0,0,0,0,False
dataset/solidiFI/buggy_contracts/Unhandled-Exceptions/buggy_28.sol:258,0,0,0,0,0,0,0,0,0,0,0,0,0,0,0,0,Ignore_40,error,0,0,0,0,False
dataset/solidiFI/buggy_contracts/Unhandled-Exceptions/buggy_28.sol:250,0,0,0,0,0,0,0,0,0,0,0,0,0,0,0,0,Ignore_40,error,0,0,0,0,False
dataset/solidiFI/buggy_contracts/Unhandled-Exceptions/buggy_28.sol:253,0,0,0,0,0,0,0,0,0,0,0,0,0,0,0,0,Ignore_40,error,0,0,0,0,False
dataset/solidiFI/buggy_contracts/Unhandled-Exceptions/buggy_28.sol:252,0,0,0,0,0,0,0,0,0,0,0,0,0,0,0,0,Ignore_40,error,0,0,0,0,False
dataset/solidiFI/buggy_contracts/Unhandled-Exceptions/buggy_28.sol:255,0,0,0,0,0,0,0,0,0,0,0,0,0,0,0,0,Ignore_40,error,0,0,0,0,False
dataset/solidiFI/buggy_contracts/Unhandled-Exceptions/buggy_28.sol:256,0,0,0,0,0,0,0,0,0,0,0,0,0,0,0,0,Ignore_40,error,0,0,0,0,False
dataset/solidiFI/buggy_contracts/Unchecked-Send/buggy_8.sol:61,0,0,0,0,0,0,0,0,0,0,0,0,0,0,0,0,Ignore_40,error,0,0,Ignore_12,note,False
dataset/solidiFI/buggy_contracts/Unchecked-Send/buggy_8.sol:63,0,0,0,0,0,0,0,0,0,0,0,0,0,0,0,0,Ignore_40,error,0,0,0,0,False
dataset/solidiFI/buggy_contracts/tx.origin/buggy_11.sol:29,Ignore_38,warning,0,0,0,0,0,0,0,0,0,0,0,0,0,0,Ignore_40,error,0,0,Ignore_12,note,False
dataset/solidiFI/buggy_contracts/Unhandled-Exceptions/buggy_38.sol:340,0,0,0,0,0,0,0,0,0,0,0,0,0,0,0,0,Ignore_40,error,0,0,Ignore_12,note,False
dataset/solidiFI/buggy_contracts/tx.origin/buggy_50.sol:258,0,0,0,0,0,0,Reentrancy_14,warning,0,0,0,0,0,0,0,0,Ignore_40,error,0,0,AccessControl_19,error,False
dataset/solidiFI/buggy_contracts/Unchecked-Send/buggy_8.sol:67,0,0,0,0,0,0,Reentrancy_14,warning,0,0,0,0,0,0,0,0,Ignore_40,error,0,0,AccessControl_19,error,False
dataset/solidiFI/buggy_contracts/Unchecked-Send/buggy_8.sol:66,0,0,0,0,0,0,0,0,0,0,0,0,0,0,0,0,Ignore_40,error,0,0,Ignore_12,note,False
dataset/solidiFI/buggy_contracts/Unchecked-Send/buggy_8.sol:69,0,0,0,0,0,0,0,0,0,0,0,0,0,0,0,0,Ignore_40,error,0,0,Ignore_12,note,False
dataset/solidiFI/buggy_contracts/Unchecked-Send/buggy_8.sol:68,0,0,0,0,0,0,0,0,0,0,0,0,0,0,0,0,Ignore_40,error,0,0,0,0,False
dataset/solidiFI/buggy_contracts/tx.origin/buggy_22.sol:221,0,0,0,0,0,0,0,0,0,0,0,0,0,0,0,0,Ignore_40,error,0,0,0,0,False
dataset/solidiFI/buggy_contracts/tx.origin/buggy_22.sol:220,0,0,0,0,0,0,0,0,0,0,0,0,0,0,0,0,Ignore_40,error,0,0,0,0,False
dataset/solidiFI/buggy_contracts/tx.origin/buggy_22.sol:227,0,0,0,0,0,0,0,0,0,0,0,0,0,0,0,0,Ignore_40,error,0,0,0,0,False
dataset/solidiFI/buggy_contracts/tx.origin/buggy_11.sol:27,Other_19,warning,0,0,0,0,0,0,0,0,0,0,0,0,0,0,0,0,0,0,0,0,False
dataset/solidiFI/buggy_contracts/tx.origin/buggy_22.sol:225,0,0,0,0,0,0,0,0,0,0,0,0,0,0,0,0,Ignore_40,error,0,0,0,0,False
dataset/solidiFI/buggy_contracts/tx.origin/buggy_50.sol:252,0,0,0,0,0,0,TimeManipulation_6,warning,0,0,0,0,0,0,0,0,0,0,0,0,0,0,False
dataset/solidiFI/buggy_contracts/Overflow-Underflow/buggy_39.sol:26,0,0,0,0,0,0,0,0,0,0,0,0,0,0,0,0,Ignore_40,error,0,0,Ignore_6,note,False
dataset/solidiFI/buggy_contracts/Overflow-Underflow/buggy_39.sol:27,0,0,0,0,0,0,0,0,0,0,0,0,0,0,0,0,Ignore_40,error,0,0,Ignore_12,note,False
dataset/solidiFI/buggy_contracts/Overflow-Underflow/buggy_39.sol:24,0,0,0,0,0,0,0,0,0,0,0,0,0,0,0,0,Ignore_40,error,0,0,0,0,False
dataset/solidiFI/buggy_contracts/Overflow-Underflow/buggy_39.sol:25,0,0,0,0,0,0,0,0,0,0,0,0,0,0,0,0,Ignore_40,error,0,0,0,0,False
dataset/solidiFI/buggy_contracts/Overflow-Underflow/buggy_39.sol:22,0,0,0,0,0,0,Arithmetic_20,warning,0,0,0,0,0,0,0,0,Ignore_40,error,0,0,0,0,False
dataset/solidiFI/buggy_contracts/Overflow-Underflow/buggy_39.sol:23,0,0,0,0,0,0,Arithmetic_19,warning,0,0,0,0,0,0,0,0,Ignore_40,error,0,0,0,0,False
dataset/solidiFI/buggy_contracts/Overflow-Underflow/buggy_39.sol:20,0,0,0,0,0,0,0,0,0,0,0,0,0,0,0,0,Ignore_40,error,0,0,Ignore_12,note,False
dataset/solidiFI/buggy_contracts/Overflow-Underflow/buggy_39.sol:21,Arithmetic_15,warning,0,0,0,0,Arithmetic_20,warning,0,0,0,0,0,0,0,0,Ignore_40,error,0,0,0,0,False
dataset/solidiFI/buggy_contracts/Unchecked-Send/buggy_16.sol:283,0,0,0,0,0,0,0,0,0,0,0,0,0,0,0,0,0,0,0,0,Ignore_12,note,False
dataset/solidiFI/buggy_contracts/Unchecked-Send/buggy_16.sol:280,0,0,0,0,0,0,0,0,0,0,0,0,0,0,0,0,Ignore_40,error,0,0,Ignore_12,note,False
dataset/solidiFI/buggy_contracts/Unchecked-Send/buggy_16.sol:281,0,0,0,0,0,0,Reentrancy_14,warning,0,0,0,0,0,0,0,0,Ignore_40,error,0,0,AccessControl_19,error,False
dataset/solidiFI/buggy_contracts/Overflow-Underflow/buggy_39.sol:28,0,0,0,0,0,0,0,0,0,0,0,0,0,0,0,0,Ignore_40,error,0,0,0,0,False
dataset/solidiFI/buggy_contracts/Overflow-Underflow/buggy_39.sol:29,0,0,0,0,0,0,0,0,0,0,0,0,0,0,0,0,Ignore_40,error,0,0,0,0,False
dataset/solidiFI/buggy_contracts/Re-entrancy/buggy_40.sol:620,UncheckedLowCalls_7,warning,0,0,0,0,0,0,0,0,0,0,0,0,0,0,0,0,0,0,AccessControl_19,error,False
dataset/solidiFI/buggy_contracts/TOD/buggy_23.sol:529,Ignore_38,warning,0,0,0,0,0,0,0,0,0,0,0,0,0,0,Ignore_40,error,0,0,0,0,False
dataset/solidiFI/buggy_contracts/TOD/buggy_47.sol:187,0,0,0,0,0,0,0,0,0,0,0,0,0,0,0,0,0,0,0,0,Ignore_12,note,False
dataset/solidiFI/buggy_contracts/Unhandled-Exceptions/buggy_28.sol:155,0,0,0,0,0,0,0,0,0,0,0,0,0,0,0,0,Ignore_40,error,0,0,Ignore_6,note,False
dataset/solidiFI/buggy_contracts/Overflow-Underflow/buggy_35.sol:367,0,0,0,0,0,0,0,0,0,0,0,0,0,0,0,0,Ignore_40,error,0,0,0,0,False
dataset/solidiFI/buggy_contracts/Overflow-Underflow/buggy_9.sol:256,0,0,0,0,0,0,0,0,0,0,0,0,0,0,0,0,0,0,0,0,Ignore_12,note,False
dataset/solidiFI/buggy_contracts/Overflow-Underflow/buggy_35.sol:368,0,0,0,0,0,0,0,0,0,0,0,0,0,0,0,0,Ignore_40,error,0,0,0,0,False
dataset/solidiFI/buggy_contracts/Overflow-Underflow/buggy_35.sol:369,0,0,0,0,0,0,0,0,0,0,0,0,0,0,0,0,Ignore_40,error,0,0,0,0,False
dataset/solidiFI/buggy_contracts/TOD/buggy_44.sol:579,0,0,0,0,0,0,Reentrancy_14,warning,0,0,0,0,0,0,0,0,0,0,0,0,0,0,False
dataset/reentrancy/0x627fa62ccbb1c1b04ffaecd72a53e37fc0e17839.sol:39,0,0,0,0,0,0,0,0,0,0,0,0,0,0,0,0,0,0,0,0,Ignore_12,note,False
dataset/reentrancy/0x627fa62ccbb1c1b04ffaecd72a53e37fc0e17839.sol:38,Ignore_38,warning,0,0,0,0,0,0,0,0,0,0,0,0,0,0,0,0,Ignore_3,error,Ignore_16,error,False
dataset/solidiFI/buggy_contracts/TOD/buggy_44.sol:572,Ignore_38,warning,0,0,0,0,0,0,0,0,0,0,0,0,0,0,Ignore_40,error,0,0,0,0,False
dataset/solidiFI/buggy_contracts/TOD/buggy_44.sol:573,Ignore_38,warning,0,0,0,0,0,0,0,0,0,0,0,0,0,0,Ignore_40,error,0,0,0,0,False
dataset/solidiFI/buggy_contracts/TOD/buggy_44.sol:574,Ignore_38,warning,0,0,0,0,0,0,0,0,0,0,0,0,0,0,Ignore_40,error,0,0,0,0,False
dataset/solidiFI/buggy_contracts/TOD/buggy_44.sol:575,0,0,0,0,0,0,0,0,0,0,0,0,0,0,0,0,Ignore_40,error,0,0,0,0,False
dataset/solidiFI/buggy_contracts/Timestamp-Dependency/buggy_48.sol:206,0,0,0,0,0,0,0,0,0,0,0,0,0,0,0,0,Ignore_40,error,0,0,TimeManipulation_4,warning,False
dataset/solidiFI/buggy_contracts/Timestamp-Dependency/buggy_48.sol:207,0,0,0,0,0,0,0,0,0,0,0,0,0,0,0,0,Ignore_40,error,0,0,0,0,False
dataset/solidiFI/buggy_contracts/Timestamp-Dependency/buggy_48.sol:204,Ignore_38,warning,0,0,0,0,0,0,0,0,0,0,0,0,0,0,Ignore_40,error,0,0,0,0,False
dataset/solidiFI/buggy_contracts/Timestamp-Dependency/buggy_48.sol:205,0,0,0,0,0,0,TimeManipulation_6,warning,0,0,0,0,0,0,0,0,Ignore_40,error,0,0,Ignore_12,note,False
dataset/solidiFI/buggy_contracts/Timestamp-Dependency/buggy_48.sol:202,0,0,0,0,0,0,TimeManipulation_6,warning,0,0,0,0,0,0,0,0,Ignore_40,error,0,0,TimeManipulation_4,warning,False
dataset/solidiFI/buggy_contracts/Timestamp-Dependency/buggy_48.sol:203,0,0,0,0,0,0,0,0,0,0,0,0,0,0,0,0,Ignore_40,error,0,0,0,0,False
dataset/solidiFI/buggy_contracts/Timestamp-Dependency/buggy_48.sol:200,0,0,0,0,0,0,0,0,0,0,0,0,0,0,0,0,Ignore_40,error,0,0,Ignore_12,note,False
dataset/solidiFI/buggy_contracts/Timestamp-Dependency/buggy_48.sol:201,0,0,0,0,0,0,0,0,0,0,0,0,0,0,0,0,Ignore_40,error,0,0,0,0,False
dataset/solidiFI/buggy_contracts/Timestamp-Dependency/buggy_48.sol:208,Ignore_38,warning,0,0,0,0,0,0,0,0,0,0,0,0,0,0,Ignore_40,error,0,0,0,0,False
dataset/reentrancy/0x4320e6f8c05b27ab4707cd1f6d5ce6f3e4b3a5a1.sol:63,0,0,0,0,0,0,0,0,0,0,0,0,0,0,0,0,0,0,0,0,Ignore_11,note,False
dataset/solidiFI/buggy_contracts/Re-entrancy/buggy_49.sol:58,Ignore_38,warning,0,0,0,0,0,0,0,0,0,0,0,0,0,0,Ignore_40,error,0,0,Ignore_12,note,False
dataset/solidiFI/buggy_contracts/Re-entrancy/buggy_49.sol:59,0,0,0,0,0,0,0,0,0,0,0,0,0,0,0,0,Ignore_40,error,0,0,Ignore_12,note,False
dataset/solidiFI/buggy_contracts/Re-entrancy/buggy_49.sol:52,0,0,0,0,0,0,0,0,0,0,0,0,0,0,0,0,Ignore_40,error,0,0,0,0,False
dataset/solidiFI/buggy_contracts/Unhandled-Exceptions/buggy_50.sol:140,0,0,0,0,0,0,0,0,0,0,0,0,0,0,0,0,Ignore_40,error,0,0,Ignore_12,note,False
dataset/solidiFI/buggy_contracts/Unhandled-Exceptions/buggy_50.sol:141,0,0,0,0,0,0,0,0,0,0,0,0,0,0,0,0,Ignore_40,error,0,0,Other_13,warning,False
dataset/solidiFI/buggy_contracts/Unhandled-Exceptions/buggy_50.sol:142,0,0,0,0,0,0,0,0,0,0,0,0,0,0,0,0,Ignore_40,error,0,0,0,0,False
dataset/solidiFI/buggy_contracts/Unhandled-Exceptions/buggy_50.sol:143,0,0,0,0,0,0,0,0,0,0,0,0,0,0,0,0,Ignore_40,error,0,0,0,0,False
dataset/solidiFI/buggy_contracts/TOD/buggy_30.sol:907,0,0,0,0,0,0,0,0,0,0,0,0,0,0,0,0,Ignore_40,error,0,0,0,0,False
dataset/solidiFI/buggy_contracts/TOD/buggy_45.sol:455,0,0,0,0,0,0,0,0,0,0,0,0,0,0,0,0,0,0,0,0,Ignore_11,note,False
dataset/unchecked_low_level_calls/0xe09b1ab8111c2729a76f16de96bc86a7af837928.sol:369,0,0,0,0,0,0,Reentrancy_14,warning,0,0,0,0,0,0,0,0,0,0,0,0,0,0,False
dataset/unchecked_low_level_calls/0xe09b1ab8111c2729a76f16de96bc86a7af837928.sol:368,0,0,0,0,0,0,0,0,0,0,0,0,0,0,0,0,0,0,AccessControl_17,warning,0,0,False
dataset/solidiFI/buggy_contracts/Unchecked-Send/buggy_35.sol:308,0,0,0,0,0,0,0,0,0,0,0,0,0,0,0,0,Ignore_40,error,0,0,0,0,False
dataset/solidiFI/buggy_contracts/TOD/buggy_26.sol:178,0,0,0,0,0,0,0,0,0,0,0,0,0,0,0,0,Ignore_40,error,0,0,Ignore_12,note,False
dataset/unchecked_low_level_calls/0xe09b1ab8111c2729a76f16de96bc86a7af837928.sol:360,Ignore_19,warning,Arithmetic_11,warning,0,0,0,0,0,0,0,0,0,0,0,0,0,0,0,0,0,0,False
dataset/unchecked_low_level_calls/0xe09b1ab8111c2729a76f16de96bc86a7af837928.sol:363,0,0,0,0,0,0,0,0,0,0,0,0,0,0,0,0,Ignore_41,error,0,0,0,0,False
dataset/unchecked_low_level_calls/0xe09b1ab8111c2729a76f16de96bc86a7af837928.sol:364,0,0,0,0,0,0,0,0,0,0,0,0,0,0,0,0,0,0,0,0,Ignore_11,note,False
dataset/solidiFI/buggy_contracts/Unchecked-Send/buggy_36.sol:164,Ignore_38,warning,0,0,0,0,0,0,0,0,0,0,0,0,0,0,Ignore_40,error,0,0,0,0,False
dataset/solidiFI/buggy_contracts/Unchecked-Send/buggy_36.sol:167,0,0,0,0,0,0,0,0,0,0,0,0,0,0,0,0,Ignore_40,error,0,0,0,0,False
dataset/solidiFI/buggy_contracts/Unchecked-Send/buggy_36.sol:166,0,0,0,0,0,0,0,0,0,0,0,0,0,0,0,0,Ignore_40,error,0,0,0,0,False
dataset/solidiFI/buggy_contracts/Unchecked-Send/buggy_36.sol:161,0,0,0,0,0,0,0,0,0,0,0,0,0,0,0,0,Ignore_40,error,0,0,0,0,False
dataset/solidiFI/buggy_contracts/Unchecked-Send/buggy_36.sol:160,0,0,0,0,0,0,0,0,0,0,0,0,0,0,0,0,Ignore_40,error,0,0,0,0,False
dataset/solidiFI/buggy_contracts/Unchecked-Send/buggy_36.sol:163,0,0,0,0,0,0,0,0,0,0,0,0,0,0,0,0,Ignore_40,error,0,0,0,0,False
dataset/solidiFI/buggy_contracts/Unchecked-Send/buggy_36.sol:162,0,0,0,0,0,0,0,0,0,0,0,0,0,0,0,0,Ignore_40,error,0,0,0,0,False
dataset/solidiFI/buggy_contracts/Unhandled-Exceptions/buggy_47.sol:216,0,0,0,0,0,0,0,0,0,0,0,0,0,0,0,0,Ignore_40,error,0,0,Ignore_12,note,False
dataset/solidiFI/buggy_contracts/Overflow-Underflow/buggy_12.sol:286,0,0,0,0,0,0,0,0,0,0,0,0,0,0,0,0,Ignore_40,error,0,0,Ignore_12,note,False
dataset/solidiFI/buggy_contracts/Overflow-Underflow/buggy_12.sol:287,0,0,0,0,0,0,0,0,0,0,0,0,0,0,0,0,Ignore_40,error,0,0,0,0,False
dataset/solidiFI/buggy_contracts/Unhandled-Exceptions/buggy_47.sol:217,0,0,0,0,0,0,0,0,0,0,0,0,0,0,0,0,Ignore_40,error,0,0,Other_13,warning,False
dataset/solidiFI/buggy_contracts/TOD/buggy_7.sol:616,0,0,0,0,0,0,FrontRunning_5,warning,0,0,0,0,0,0,0,0,0,0,0,0,0,0,False
dataset/solidiFI/buggy_contracts/tx.origin/buggy_38.sol:77,0,0,0,0,0,0,0,0,0,0,0,0,0,0,0,0,Ignore_40,error,0,0,0,0,False
dataset/solidiFI/buggy_contracts/Overflow-Underflow/buggy_12.sol:288,0,0,0,0,0,0,0,0,0,0,0,0,0,0,0,0,Ignore_40,error,0,0,0,0,False
dataset/solidiFI/buggy_contracts/Unhandled-Exceptions/buggy_47.sol:211,0,0,0,0,0,0,0,0,0,0,0,0,0,0,0,0,Ignore_40,error,0,0,0,0,False
dataset/solidiFI/buggy_contracts/Overflow-Underflow/buggy_26.sol:236,0,0,0,0,0,0,0,0,0,0,0,0,0,0,0,0,Ignore_40,error,0,0,0,0,False
dataset/solidiFI/buggy_contracts/Overflow-Underflow/buggy_26.sol:237,0,0,0,0,0,0,0,0,0,0,0,0,0,0,0,0,Ignore_40,error,0,0,0,0,False
dataset/solidiFI/buggy_contracts/Overflow-Underflow/buggy_26.sol:235,0,0,0,0,0,0,0,0,0,0,0,0,0,0,0,0,Ignore_40,error,0,0,Ignore_12,note,False
dataset/solidiFI/buggy_contracts/Re-entrancy/buggy_2.sol:69,UncheckedLowCalls_7,warning,0,0,0,0,0,0,0,0,0,0,0,0,0,0,0,0,0,0,0,0,False
dataset/solidiFI/buggy_contracts/Unhandled-Exceptions/buggy_47.sol:212,0,0,0,0,0,0,0,0,0,0,0,0,0,0,0,0,Ignore_40,error,0,0,AccessControl_19,error,False
dataset/solidiFI/buggy_contracts/TOD/buggy_47.sol:559,Ignore_38,warning,0,0,0,0,0,0,0,0,0,0,0,0,0,0,Ignore_40,error,0,0,Ignore_12,note,False
dataset/solidiFI/buggy_contracts/TOD/buggy_47.sol:558,Ignore_38,warning,0,0,0,0,0,0,0,0,0,0,0,0,0,0,Ignore_40,error,0,0,Ignore_12,note,False
dataset/solidiFI/buggy_contracts/Re-entrancy/buggy_2.sol:65,0,0,0,0,0,0,0,0,0,0,0,0,0,0,0,0,Ignore_40,error,0,0,0,0,False
dataset/solidiFI/buggy_contracts/Re-entrancy/buggy_2.sol:67,0,0,0,0,0,0,0,0,0,0,0,0,0,0,0,0,Ignore_40,error,0,0,0,0,False
dataset/solidiFI/buggy_contracts/Re-entrancy/buggy_2.sol:66,Ignore_38,warning,0,0,0,0,0,0,0,0,0,0,0,0,0,0,Ignore_40,error,0,0,0,0,False
dataset/solidiFI/buggy_contracts/TOD/buggy_47.sol:553,0,0,0,0,0,0,Reentrancy_14,warning,0,0,0,0,0,0,0,0,Ignore_40,error,0,0,0,0,False
dataset/solidiFI/buggy_contracts/Re-entrancy/buggy_2.sol:60,Ignore_31,warning,0,0,0,0,0,0,0,0,0,0,0,0,0,0,0,0,0,0,0,0,False
dataset/solidiFI/buggy_contracts/Overflow-Underflow/buggy_20.sol:214,0,0,0,0,0,0,0,0,0,0,0,0,0,0,0,0,Ignore_40,error,0,0,Ignore_12,note,False
dataset/solidiFI/buggy_contracts/Unhandled-Exceptions/buggy_22.sol:226,0,0,0,0,0,0,0,0,0,0,0,0,0,0,0,0,Ignore_40,error,0,0,0,0,False
dataset/solidiFI/buggy_contracts/Unhandled-Exceptions/buggy_22.sol:224,0,0,0,0,0,0,0,0,0,0,0,0,0,0,0,0,Ignore_40,error,0,0,0,0,False
dataset/solidiFI/buggy_contracts/Unhandled-Exceptions/buggy_22.sol:225,0,0,0,0,0,0,0,0,0,0,0,0,0,0,0,0,Ignore_40,error,0,0,0,0,False
dataset/solidiFI/buggy_contracts/Unhandled-Exceptions/buggy_22.sol:222,0,0,0,0,0,0,0,0,0,0,0,0,0,0,0,0,Ignore_40,error,0,0,0,0,False
dataset/solidiFI/buggy_contracts/Unhandled-Exceptions/buggy_22.sol:223,0,0,0,0,0,0,0,0,0,0,0,0,0,0,0,0,Ignore_40,error,0,0,0,0,False
dataset/solidiFI/buggy_contracts/Unhandled-Exceptions/buggy_22.sol:220,0,0,0,0,0,0,0,0,0,0,0,0,0,0,0,0,Ignore_40,error,0,0,0,0,False
dataset/solidiFI/buggy_contracts/Unhandled-Exceptions/buggy_48.sol:93,0,0,0,0,0,0,0,0,0,0,0,0,0,0,0,0,Ignore_40,error,0,0,0,0,False
dataset/access_control/wallet_03_wrong_constructor.sol:27,0,0,0,0,0,0,0,0,0,0,0,0,0,0,0,0,0,0,Ignore_3,warning,0,0,False
dataset/solidiFI/buggy_contracts/Re-entrancy/buggy_30.sol:825,UncheckedLowCalls_8,warning,0,0,0,0,0,0,0,0,0,0,0,0,0,0,0,0,0,0,0,0,False
dataset/solidiFI/buggy_contracts/Overflow-Underflow/buggy_31.sol:42,Ignore_33,warning,0,0,0,0,0,0,0,0,0,0,0,0,0,0,0,0,0,0,0,0,False
dataset/solidiFI/buggy_contracts/tx.origin/buggy_38.sol:70,0,0,0,0,0,0,0,0,0,0,0,0,0,0,0,0,Ignore_40,error,0,0,0,0,False
dataset/solidiFI/buggy_contracts/Overflow-Underflow/buggy_31.sol:45,Ignore_19,warning,0,0,0,0,0,0,0,0,0,0,0,0,0,0,0,0,0,0,0,0,False
dataset/solidiFI/buggy_contracts/Unhandled-Exceptions/buggy_22.sol:228,0,0,0,0,0,0,0,0,0,0,0,0,0,0,0,0,Ignore_40,error,0,0,0,0,False
dataset/solidiFI/buggy_contracts/Overflow-Underflow/buggy_43.sol:102,0,0,0,0,0,0,0,0,0,0,0,0,0,0,0,0,Ignore_40,error,0,0,0,0,False
dataset/solidiFI/buggy_contracts/Unchecked-Send/buggy_37.sol:254,0,0,0,0,0,0,0,0,0,0,0,0,0,0,0,0,Ignore_40,error,0,0,Ignore_12,note,False
dataset/solidiFI/buggy_contracts/TOD/buggy_12.sol:706,0,0,0,0,0,0,0,0,0,0,0,0,0,0,0,0,0,0,0,0,Ignore_12,note,False
dataset/solidiFI/buggy_contracts/TOD/buggy_30.sol:760,0,0,0,0,0,0,0,0,0,0,0,0,0,0,0,0,Ignore_40,error,0,0,0,0,False
dataset/solidiFI/buggy_contracts/TOD/buggy_12.sol:702,0,0,0,0,0,0,FrontRunning_5,warning,0,0,0,0,0,0,0,0,0,0,0,0,0,0,False
dataset/solidiFI/buggy_contracts/Unchecked-Send/buggy_43.sol:334,0,0,0,0,0,0,0,0,0,0,0,0,0,0,0,0,Ignore_40,error,0,0,0,0,False
dataset/solidiFI/buggy_contracts/Unchecked-Send/buggy_43.sol:335,0,0,0,0,0,0,Reentrancy_14,warning,0,0,0,0,0,0,0,0,Ignore_40,error,0,0,0,0,False
dataset/solidiFI/buggy_contracts/TOD/buggy_12.sol:709,Ignore_38,warning,0,0,0,0,0,0,0,0,0,0,0,0,0,0,Ignore_40,error,0,0,Ignore_12,note,False
dataset/solidiFI/buggy_contracts/TOD/buggy_41.sol:11,0,0,0,0,0,0,0,0,0,0,0,0,0,0,0,0,0,0,0,0,Ignore_12,note,False
dataset/solidiFI/buggy_contracts/Re-entrancy/buggy_24.sol:573,0,0,0,0,0,0,0,0,0,0,0,0,0,0,0,0,Ignore_40,error,0,0,Ignore_12,note,False
dataset/solidiFI/buggy_contracts/Re-entrancy/buggy_24.sol:572,Ignore_38,warning,0,0,0,0,0,0,0,0,0,0,0,0,0,0,Ignore_40,error,0,0,Ignore_12,note,False
dataset/solidiFI/buggy_contracts/TOD/buggy_41.sol:17,Ignore_38,warning,0,0,0,0,0,0,0,0,0,0,0,0,0,0,Ignore_40,error,0,0,Ignore_12,note,False
dataset/solidiFI/buggy_contracts/Re-entrancy/buggy_24.sol:576,UncheckedLowCalls_7,warning,0,0,0,0,0,0,0,0,0,0,0,0,0,0,0,0,0,0,0,0,False
dataset/solidiFI/buggy_contracts/TOD/buggy_41.sol:19,Ignore_38,warning,0,0,0,0,0,0,0,0,0,0,0,0,0,0,Ignore_40,error,0,0,Ignore_12,note,False
dataset/solidiFI/buggy_contracts/Unhandled-Exceptions/buggy_43.sol:291,Other_19,warning,0,0,0,0,0,0,0,0,0,0,0,0,0,0,0,0,0,0,0,0,False
dataset/solidiFI/buggy_contracts/Unhandled-Exceptions/buggy_43.sol:293,Ignore_38,warning,0,0,0,0,0,0,0,0,0,0,0,0,0,0,Ignore_40,error,0,0,0,0,False
dataset/solidiFI/buggy_contracts/Unhandled-Exceptions/buggy_43.sol:294,Ignore_38,warning,0,0,0,0,0,0,0,0,0,0,0,0,0,0,Ignore_40,error,0,0,0,0,False
dataset/solidiFI/buggy_contracts/TOD/buggy_38.sol:625,0,0,0,0,0,0,0,0,0,0,0,0,0,0,0,0,Ignore_40,error,0,0,0,0,False
dataset/solidiFI/buggy_contracts/TOD/buggy_2.sol:100,Ignore_38,warning,0,0,0,0,0,0,0,0,0,0,0,0,0,0,Ignore_40,error,0,0,0,0,False
dataset/solidiFI/buggy_contracts/TOD/buggy_2.sol:101,0,0,0,0,0,0,0,0,0,0,0,0,0,0,0,0,Ignore_40,error,0,0,0,0,False
dataset/solidiFI/buggy_contracts/Unhandled-Exceptions/buggy_8.sol:294,0,0,0,0,0,0,0,0,0,0,0,0,0,0,0,0,Ignore_40,error,0,0,Ignore_12,note,False
dataset/solidiFI/buggy_contracts/Unhandled-Exceptions/buggy_8.sol:295,0,0,0,0,0,0,0,0,0,0,0,0,0,0,0,0,Ignore_40,error,0,0,Other_13,warning,False
dataset/solidiFI/buggy_contracts/Unhandled-Exceptions/buggy_8.sol:296,0,0,0,0,0,0,0,0,0,0,0,0,0,0,0,0,Ignore_40,error,0,0,0,0,False
dataset/solidiFI/buggy_contracts/TOD/buggy_38.sol:624,0,0,0,0,0,0,0,0,0,0,0,0,0,0,0,0,Ignore_40,error,0,0,0,0,False
dataset/solidiFI/buggy_contracts/Unhandled-Exceptions/buggy_8.sol:290,Ignore_38,warning,0,0,0,0,0,0,0,0,0,0,0,0,0,0,Ignore_40,error,0,0,0,0,False
dataset/solidiFI/buggy_contracts/Unhandled-Exceptions/buggy_8.sol:291,0,0,0,0,0,0,0,0,0,0,0,0,0,0,0,0,Ignore_40,error,0,0,0,0,False
dataset/solidiFI/buggy_contracts/Unhandled-Exceptions/buggy_8.sol:292,0,0,0,0,0,0,0,0,0,0,0,0,0,0,0,0,Ignore_40,error,0,0,0,0,False
dataset/solidiFI/buggy_contracts/TOD/buggy_38.sol:623,0,0,0,0,0,0,0,0,0,0,0,0,0,0,0,0,Ignore_40,error,0,0,0,0,False
dataset/solidiFI/buggy_contracts/Overflow-Underflow/buggy_20.sol:212,Ignore_38,warning,0,0,0,0,0,0,0,0,0,0,0,0,0,0,Ignore_40,error,0,0,Ignore_12,note,False
dataset/solidiFI/buggy_contracts/Unhandled-Exceptions/buggy_8.sol:298,0,0,0,0,0,0,0,0,0,0,0,0,0,0,0,0,Ignore_40,error,0,0,0,0,False
dataset/solidiFI/buggy_contracts/Unhandled-Exceptions/buggy_8.sol:299,0,0,0,0,0,0,0,0,0,0,0,0,0,0,0,0,Ignore_40,error,0,0,0,0,False
dataset/solidiFI/buggy_contracts/tx.origin/buggy_24.sol:710,0,0,0,0,0,0,0,0,0,0,0,0,0,0,0,0,Ignore_40,error,0,0,0,0,False
dataset/solidiFI/buggy_contracts/TOD/buggy_13.sol:381,Ignore_38,warning,0,0,0,0,0,0,0,0,0,0,0,0,0,0,Ignore_40,error,0,0,Ignore_12,note,False
dataset/solidiFI/buggy_contracts/TOD/buggy_13.sol:383,Ignore_38,warning,0,0,0,0,0,0,0,0,0,0,0,0,0,0,Ignore_40,error,0,0,Ignore_12,note,False
dataset/solidiFI/buggy_contracts/TOD/buggy_13.sol:382,Ignore_38,warning,0,0,0,0,0,0,0,0,0,0,0,0,0,0,Ignore_40,error,0,0,Ignore_12,note,False
dataset/solidiFI/buggy_contracts/TOD/buggy_13.sol:384,0,0,0,0,0,0,0,0,0,0,0,0,0,0,0,0,Ignore_40,error,0,0,Ignore_12,note,False
dataset/solidiFI/buggy_contracts/TOD/buggy_13.sol:388,0,0,0,0,0,0,FrontRunning_5,warning,0,0,0,0,0,0,0,0,0,0,0,0,0,0,False
dataset/solidiFI/buggy_contracts/tx.origin/buggy_29.sol:339,0,0,0,0,0,0,0,0,0,0,0,0,0,0,0,0,Ignore_40,error,0,0,0,0,False
dataset/unchecked_low_level_calls/0x958a8f594101d2c0485a52319f29b2647f2ebc06.sol:64,0,0,Arithmetic_12,warning,0,0,0,0,0,0,0,0,0,0,0,0,0,0,0,0,0,0,False
dataset/unchecked_low_level_calls/0x958a8f594101d2c0485a52319f29b2647f2ebc06.sol:67,0,0,Arithmetic_12,warning,0,0,0,0,0,0,0,0,0,0,0,0,0,0,0,0,0,0,False
dataset/unchecked_low_level_calls/0x958a8f594101d2c0485a52319f29b2647f2ebc06.sol:66,0,0,Arithmetic_12,warning,0,0,0,0,0,0,0,0,0,0,0,0,0,0,0,0,0,0,False
dataset/unchecked_low_level_calls/0x958a8f594101d2c0485a52319f29b2647f2ebc06.sol:63,0,0,Arithmetic_12,warning,0,0,0,0,0,0,0,0,0,0,0,0,0,0,0,0,0,0,False
dataset/solidiFI/buggy_contracts/Unhandled-Exceptions/buggy_50.sol:18,0,0,0,0,0,0,0,0,0,0,0,0,0,0,0,0,0,0,0,0,AccessControl_19,error,False
dataset/solidiFI/buggy_contracts/Unhandled-Exceptions/buggy_50.sol:16,0,0,0,0,0,0,0,0,0,0,0,0,0,0,0,0,Ignore_40,error,0,0,Ignore_12,note,False
dataset/solidiFI/buggy_contracts/Unhandled-Exceptions/buggy_50.sol:14,0,0,0,0,0,0,0,0,0,0,0,0,0,0,0,0,Ignore_40,error,0,0,Ignore_12,note,False
dataset/unchecked_low_level_calls/0x958a8f594101d2c0485a52319f29b2647f2ebc06.sol:69,0,0,Arithmetic_11,warning,0,0,0,0,0,0,0,0,0,0,0,0,0,0,0,0,0,0,False
dataset/solidiFI/buggy_contracts/Unhandled-Exceptions/buggy_50.sol:12,0,0,0,0,0,0,0,0,0,0,0,0,0,0,0,0,Ignore_40,error,0,0,0,0,False
dataset/solidiFI/buggy_contracts/Unhandled-Exceptions/buggy_50.sol:11,Ignore_38,warning,0,0,0,0,0,0,0,0,0,0,0,0,0,0,Ignore_40,error,0,0,AccessControl_19,error,False
dataset/solidiFI/buggy_contracts/Unhandled-Exceptions/buggy_50.sol:10,Ignore_38,warning,0,0,0,0,0,0,0,0,0,0,0,0,0,0,Ignore_40,error,0,0,Ignore_12,note,False
dataset/unchecked_low_level_calls/0x9d06cbafa865037a01d322d3f4222fa3e04e5488.sol:63,0,0,0,0,0,0,0,0,0,0,0,0,0,0,0,0,Ignore_40,error,0,0,0,0,False
dataset/unchecked_low_level_calls/0x9d06cbafa865037a01d322d3f4222fa3e04e5488.sol:62,0,0,0,0,0,0,0,0,0,0,0,0,0,0,0,0,Ignore_40,error,0,0,0,0,False
dataset/unchecked_low_level_calls/0x9d06cbafa865037a01d322d3f4222fa3e04e5488.sol:61,0,0,0,0,0,0,0,0,0,0,0,0,0,0,0,0,Ignore_40,error,0,0,0,0,False
dataset/unchecked_low_level_calls/0x9d06cbafa865037a01d322d3f4222fa3e04e5488.sol:60,Ignore_38,warning,0,0,0,0,0,0,0,0,0,0,0,0,0,0,Ignore_40,error,0,0,Ignore_12,note,False
dataset/unchecked_low_level_calls/0x9d06cbafa865037a01d322d3f4222fa3e04e5488.sol:67,0,0,0,0,0,0,0,0,0,0,0,0,0,0,0,0,Ignore_40,error,0,0,0,0,False
dataset/solidiFI/buggy_contracts/Overflow-Underflow/buggy_9.sol:109,0,0,0,0,0,0,Reentrancy_14,warning,0,0,0,0,0,0,0,0,0,0,0,0,0,0,False
